"id","Column #2","Column #3","Column #4","Column #5","Column #6","Column #7","Column #8","Column #9","Column #10","Column #11","Column #12","Column #13","Column #14","Column #15","Column #16","Column #17","Column #18","Column #19","name","Column #21","Column #22","Column #23","Column #24","Column #25","Column #26","Column #27","Column #28","Column #29","Column #30","Column #31","Column #32","Column #33","Column #34","Column #35","Column #36","Column #37","Column #38","Column #39","Column #40","Column #41","Column #42","Column #43","Column #44","Column #45","Column #46","Column #47","Column #48","Column #49","Column #50","Column #51","Column #52","Column #53","Column #54","Column #55","Column #56","Column #57"
1,4294967295,0,0,0,0,0,0,0,0,0,0,0,0,0,0,0,0,0,1,1,5,5,0,0,0,"SPIELER, Mensch",0,0,0,0,0,0,0,0,0,0,0,0,16712190,0,0,0,"",0,0,0,0,0,0,0,0,0,0,0,0,16712188
2,4294967295,0,0,0,0,0,0,0,0,0,0,0,0,0,0,0,0,0,1,1,5,5,0,0,0,"SPIELER, Orc",0,0,0,0,0,0,0,0,0,0,0,0,16712190,0,0,0,"",0,0,0,0,0,0,0,0,0,0,0,0,16712188
3,4294967295,0,0,0,0,0,0,0,0,0,0,0,0,0,0,0,0,0,1,1,5,5,0,0,0,"SPIELER, Zwerg",0,0,0,0,0,0,0,0,0,0,0,0,16712190,0,0,0,"",0,0,0,0,0,0,0,0,0,0,0,0,16712188
4,4294967295,0,0,0,0,0,0,0,0,0,0,0,0,0,0,0,0,0,1,1,5,5,0,0,0,"SPIELER, Nachtelf",0,0,0,0,0,0,0,0,0,0,0,0,16712190,0,0,0,"",0,0,0,0,0,0,0,0,0,0,0,0,16712188
5,4294967295,0,0,0,0,0,0,0,0,0,0,0,0,0,0,0,0,0,1,1,5,5,0,0,0,"SPIELER, Untoter",0,0,0,0,0,0,0,0,0,0,0,0,16712190,0,0,0,"",0,0,0,0,0,0,0,0,0,0,0,0,16712190
6,4294967295,0,0,0,0,0,0,0,0,0,0,0,0,0,0,0,0,0,1,1,5,5,0,0,0,"SPIELER, Tauren",0,0,0,0,0,0,0,0,0,0,0,0,16712190,0,0,0,"",0,0,0,0,0,0,0,0,0,0,0,0,16712188
7,4294967295,0,0,0,0,0,0,0,0,0,0,0,0,0,0,0,0,0,1,1,5,5,0,0,0,"Kreatur",0,0,0,0,0,0,0,0,0,0,0,0,16712190,0,0,0,"",0,0,0,0,0,0,0,0,0,0,0,0,16712188
8,4294967295,0,0,0,0,0,0,0,0,0,0,0,0,0,0,0,0,0,1,1,5,5,0,0,0,"SPIELER, Gnom",0,0,0,0,0,0,0,0,0,0,0,0,16712190,0,0,0,"",0,0,0,0,0,0,0,0,0,0,0,0,16712188
9,4294967295,0,0,0,0,0,0,0,0,0,0,0,0,0,0,0,0,0,1,1,5,5,0,0,0,"SPIELER, Troll",0,0,0,0,0,0,0,0,0,0,0,0,16712190,0,0,0,"",0,0,0,0,0,0,0,0,0,0,0,0,16712188
14,4294967295,0,0,0,0,0,0,0,0,0,0,0,0,0,0,0,0,0,1,1,5,5,0,0,0,"Monster",0,0,0,0,0,0,0,0,0,0,0,0,16712190,0,0,0,"",0,0,0,0,0,0,0,0,0,0,0,0,16712188
15,4294967295,0,0,0,0,0,0,0,0,0,0,0,0,0,0,0,0,0,1,1,5,5,0,0,0,"Bruderschaft der Defias",0,0,0,0,0,0,0,0,0,0,0,0,16712190,0,0,0,"",0,0,0,0,0,0,0,0,0,0,0,0,16712188
16,4294967295,0,0,0,0,0,0,0,0,0,0,0,0,0,0,0,0,0,1,1,5,5,0,0,0,"Gnoll - Flusspfoten",0,0,0,0,0,0,0,0,0,0,0,0,16712190,0,0,0,"",0,0,0,0,0,0,0,0,0,0,0,0,16712188
17,4294967295,0,0,0,0,0,0,0,0,0,0,0,0,0,0,0,0,0,1,1,5,5,0,0,0,"Gnoll - Rotkammgebirge",0,0,0,0,0,0,0,0,0,0,0,0,16712190,0,0,0,"",0,0,0,0,0,0,0,0,0,0,0,0,16712188
18,4294967295,0,0,0,0,0,0,0,0,0,0,0,0,0,0,0,0,0,1,1,5,5,0,0,0,"Gnoll - Schattenfelle",0,0,0,0,0,0,0,0,0,0,0,0,16712190,0,0,0,"",0,0,0,0,0,0,0,0,0,0,0,0,16712188
19,4294967295,0,0,0,0,0,0,0,0,0,0,0,0,0,0,0,0,0,1,1,5,5,0,0,0,"Murloc",0,0,0,0,0,0,0,0,0,0,0,0,16712190,0,0,0,"",0,0,0,0,0,0,0,0,0,0,0,0,16712188
20,4294967295,0,0,0,0,0,0,0,0,0,0,0,0,0,0,0,0,0,1,1,5,5,0,0,0,"Untoter, Geißel",0,0,0,0,0,0,0,0,0,0,0,0,16712190,0,0,0,"",0,0,0,0,0,0,0,0,0,0,0,0,16712188
21,1,1791,0,0,0,0,0,0,0,500,0,0,0,64,0,0,0,169,1,0.5,7,5,0,0,0,"Beutebucht",0,0,0,0,0,0,0,0,0,0,0,0,16712190,0,0,0,"In dieser blühenden Küstenstadt hat Baron Revilgaz von den Schwarzmeerräubern das Sagen. Teil des Dampfdruckkartells und Todfeinde der Blutsegelbukaniere.",0,0,0,0,0,0,0,0,0,0,0,0,16712190
22,4294967295,0,0,0,0,0,0,0,0,0,0,0,0,0,0,0,0,0,1,1,5,5,0,0,0,"Wildtier - Spinne",0,0,0,0,0,0,0,0,0,0,0,0,16712190,0,0,0,"",0,0,0,0,0,0,0,0,0,0,0,0,16712188
23,4294967295,0,0,0,0,0,0,0,0,0,0,0,0,0,0,0,0,0,1,1,5,5,0,0,0,"Wildtier - Eber",0,0,0,0,0,0,0,0,0,0,0,0,16712190,0,0,0,"",0,0,0,0,0,0,0,0,0,0,0,0,16712188
24,4294967295,0,0,0,0,0,0,0,0,0,0,0,0,0,0,0,0,0,1,1,5,5,0,0,0,"Worgen",0,0,0,0,0,0,0,0,0,0,0,0,16712190,0,0,0,"",0,0,0,0,0,0,0,0,0,0,0,0,16712188
25,4294967295,0,0,0,0,0,0,0,0,0,0,0,0,0,0,0,0,0,1,1,5,5,0,0,0,"Kobold",0,0,0,0,0,0,0,0,0,0,0,0,16712190,0,0,0,"",0,0,0,0,0,0,0,0,0,0,0,0,16712188
26,4294967295,0,0,0,0,0,0,0,0,0,0,0,0,0,0,0,0,0,1,1,5,5,0,0,0,"Troll, Blutskalpe",0,0,0,0,0,0,0,0,0,0,0,0,16712190,0,0,0,"",0,0,0,0,0,0,0,0,0,0,0,0,16712188
27,4294967295,0,0,0,0,0,0,0,0,0,0,0,0,0,0,0,0,0,1,1,5,5,0,0,0,"Troll, Schädelspalter",0,0,0,0,0,0,0,0,0,0,0,0,16712190,0,0,0,"",0,0,0,0,0,0,0,0,0,0,0,0,16712188
28,4294967295,0,0,0,0,0,0,0,0,0,0,0,0,0,0,0,0,0,1,1,5,5,0,0,0,"Beute",0,0,0,0,0,0,0,0,0,0,0,0,16712190,0,0,0,"",0,0,0,0,0,0,0,0,0,0,0,0,16712188
29,4294967295,0,0,0,0,0,0,0,0,0,0,0,0,0,0,0,0,0,1,1,5,5,0,0,0,"Wildtier - Wolf",0,0,0,0,0,0,0,0,0,0,0,0,16712190,0,0,0,"",0,0,0,0,0,0,0,0,0,0,0,0,16712188
30,4294967295,0,0,0,0,0,0,0,0,0,0,0,0,0,0,0,0,0,1,1,5,5,0,0,0,"Verräter der Bruderschaft der Defias",0,0,0,0,0,0,0,0,0,0,0,0,16712190,0,0,0,"",0,0,0,0,0,0,0,0,0,0,0,0,16712188
31,4294967295,0,0,0,0,0,0,0,0,0,0,0,0,0,0,0,0,0,1,1,5,5,0,0,0,"Befreundet",0,0,0,0,0,0,0,0,0,0,0,0,16712190,0,0,0,"",0,0,0,0,0,0,0,0,0,0,0,0,16712188
32,4294967295,0,0,0,0,0,0,0,0,0,0,0,0,0,0,0,0,0,1,1,5,5,0,0,0,"Trogg",0,0,0,0,0,0,0,0,0,0,0,0,16712190,0,0,0,"",0,0,0,0,0,0,0,0,0,0,0,0,16712188
33,4294967295,0,0,0,0,0,0,0,0,0,0,0,0,0,0,0,0,0,1,1,5,5,0,0,0,"Troll, Frostmähnen",0,0,0,0,0,0,0,0,0,0,0,0,16712190,0,0,0,"",0,0,0,0,0,0,0,0,0,0,0,0,16712188
34,4294967295,0,0,0,0,0,0,0,0,0,0,0,0,0,0,0,0,0,1,1,5,5,0,0,0,"Orc, Schwarzfels",0,0,0,0,0,0,0,0,0,0,0,0,16712190,0,0,0,"",0,0,0,0,0,0,0,0,0,0,0,0,16712188
35,4294967295,0,0,0,0,0,0,0,0,0,0,0,0,0,0,0,0,0,1,1,5,5,0,0,0,"Bösewicht",0,0,0,0,0,0,0,0,0,0,0,0,16712190,0,0,0,"",0,0,0,0,0,0,0,0,0,0,0,0,16712188
36,4294967295,0,0,0,0,0,0,0,0,0,0,0,0,0,0,0,0,0,1,1,5,5,0,0,0,"Opfer",0,0,0,0,0,0,0,0,0,0,0,0,16712190,0,0,0,"",0,0,0,0,0,0,0,0,0,0,0,0,16712188
37,4294967295,0,0,0,0,0,0,0,0,0,0,0,0,0,0,0,0,0,1,1,5,5,0,0,0,"Wildtier - Bär",0,0,0,0,0,0,0,0,0,0,0,0,16712190,0,0,0,"",0,0,0,0,0,0,0,0,0,0,0,0,16712188
38,4294967295,0,0,0,0,0,0,0,0,0,0,0,0,0,0,0,0,0,1,1,5,5,0,0,0,"Oger",0,0,0,0,0,0,0,0,0,0,0,0,16712190,0,0,0,"",0,0,0,0,0,0,0,0,0,0,0,0,16712188
39,4294967295,0,0,0,0,0,0,0,0,0,0,0,0,0,0,0,0,0,1,1,5,5,0,0,0,"Kurzens Söldner",0,0,0,0,0,0,0,0,0,0,0,0,16712190,0,0,0,"",0,0,0,0,0,0,0,0,0,0,0,0,16712188
40,4294967295,0,0,0,0,0,0,0,0,0,0,0,0,0,0,0,0,0,1,1,5,5,0,0,0,"Eskortierter",0,0,0,0,0,0,0,0,0,0,0,0,16712190,0,0,0,"",0,0,0,0,0,0,0,0,0,0,0,0,16712188
41,4294967295,0,0,0,0,0,0,0,0,0,0,0,0,0,0,0,0,0,1,1,5,5,0,0,0,"Venture Company",0,0,0,0,0,0,0,0,0,0,0,0,16712190,0,0,0,"",0,0,0,0,0,0,0,0,0,0,0,0,16712188
42,4294967295,0,0,0,0,0,0,0,0,0,0,0,0,0,0,0,0,0,1,1,5,5,0,0,0,"Wildtier - Raptor",0,0,0,0,0,0,0,0,0,0,0,0,16712190,0,0,0,"",0,0,0,0,0,0,0,0,0,0,0,0,16712188
43,4294967295,0,0,0,0,0,0,0,0,0,0,0,0,0,0,0,0,0,1,1,5,5,0,0,0,"Basilisk",0,0,0,0,0,0,0,0,0,0,0,0,16712190,0,0,0,"",0,0,0,0,0,0,0,0,0,0,0,0,16712188
44,4294967295,0,0,0,0,0,0,0,0,0,0,0,0,0,0,0,0,0,1,1,5,5,0,0,0,"Drachenschwarm, Grün",0,0,0,0,0,0,0,0,0,0,0,0,16712190,0,0,0,"",0,0,0,0,0,0,0,0,0,0,0,0,16712188
45,4294967295,0,0,0,0,0,0,0,0,0,0,0,0,0,0,0,0,0,1,1,5,5,0,0,0,"Verirrte",0,0,0,0,0,0,0,0,0,0,0,0,16712190,0,0,0,"",0,0,0,0,0,0,0,0,0,0,0,0,16712188
46,29,1791,0,0,0,0,0,0,0,0,0,0,0,4,0,0,0,0,1,1,5,5,0,0,0," Schmiedekunst - Rüstungsschmiedekunst",0,0,0,0,0,0,0,0,0,0,0,0,16712190,0,0,0,"",0,0,0,0,0,0,0,0,0,0,0,0,16712188
47,20,1097,690,4,0,0,0,0,0,3100,4294925296,4000,0,273,6,17,0,469,1,0.25,7,5,0,0,0,"Eisenschmiede",0,0,0,0,0,0,0,0,0,0,0,0,16712190,0,0,0,"Die Hauptstadt der Allianz ist der ganze Stolz der Zwerge von Dun Morogh. Heimat von König Magni.",0,0,0,0,0,0,0,0,0,0,0,0,16712190
48,4294967295,0,0,0,0,0,0,0,0,0,0,0,0,0,0,0,0,0,1,1,5,5,0,0,0,"Dunkeleisenzwerge",0,0,0,0,0,0,0,0,0,0,0,0,16712190,0,0,0,"",0,0,0,0,0,0,0,0,0,0,0,0,16712188
49,4294967295,0,0,0,0,0,0,0,0,0,0,0,0,0,0,0,0,0,1,1,5,5,0,0,0,"Mensch, Nachtwache",0,0,0,0,0,0,0,0,0,0,0,0,16712190,0,0,0,"",0,0,0,0,0,0,0,0,0,0,0,0,16712188
50,4294967295,0,0,0,0,0,0,0,0,0,0,0,0,0,0,0,0,0,1,1,5,5,0,0,0,"Drachenschwarm, Rot",0,0,0,0,0,0,0,0,0,0,0,0,16712190,0,0,0,"",0,0,0,0,0,0,0,0,0,0,0,0,16712188
51,4294967295,0,0,0,0,0,0,0,0,0,0,0,0,0,0,0,0,0,1,1,5,5,0,0,0,"Gnoll - Moosfelle",0,0,0,0,0,0,0,0,0,0,0,0,16712190,0,0,0,"",0,0,0,0,0,0,0,0,0,0,0,0,16712188
52,4294967295,0,0,0,0,0,0,0,0,0,0,0,0,0,0,0,0,0,1,1,5,5,0,0,0,"Orc, Drachenmalklan",0,0,0,0,0,0,0,0,0,0,0,0,16712190,0,0,0,"",0,0,0,0,0,0,0,0,0,0,0,0,16712188
53,4294967295,0,0,0,0,0,0,0,0,0,0,0,0,0,0,0,0,0,1,1,5,5,0,0,0,"Gnom - Lepra",0,0,0,0,0,0,0,0,0,0,0,0,16712190,0,0,0,"",0,0,0,0,0,0,0,0,0,0,0,0,16712188
54,18,1037,690,64,0,0,0,0,0,3100,4294925296,4000,0,273,6,17,0,469,1,0.25,7,5,0,0,0,"Gnomeregangnome",0,0,0,0,0,0,0,0,0,0,0,0,16712190,0,0,0,"Die einstigen Bewohner von Gnomeregan, die nun in Eisenschmiede im Exil leben und Verbündete der Allianz sind.",0,0,0,0,0,0,0,0,0,0,0,0,16712190
55,4294967295,0,0,0,0,0,0,0,0,0,0,0,0,0,0,0,0,0,1,1,5,5,0,0,0,"Leopard",0,0,0,0,0,0,0,0,0,0,0,0,16712190,0,0,0,"",0,0,0,0,0,0,0,0,0,0,0,0,16712188
56,4294967295,0,0,0,0,0,0,0,0,0,0,0,0,0,0,0,0,0,1,1,5,5,0,0,0,"Scharlachroter Kreuzzug",0,0,0,0,0,0,0,0,0,0,0,0,16712190,0,0,0,"",0,0,0,0,0,0,0,0,0,0,0,0,16712188
57,4294967295,0,0,0,0,0,0,0,0,0,0,0,0,0,0,0,0,0,1,1,5,5,0,0,0,"Gnoll - Moderfelle",0,0,0,0,0,0,0,0,0,0,0,0,16712190,0,0,0,"",0,0,0,0,0,0,0,0,0,0,0,0,16712188
58,4294967295,0,0,0,0,0,0,0,0,0,0,0,0,0,0,0,0,0,1,1,5,5,0,0,0,"Wildtier - Gorilla",0,0,0,0,0,0,0,0,0,0,0,0,16712190,0,0,0,"",0,0,0,0,0,0,0,0,0,0,0,0,16712188
59,4,1791,0,0,0,0,0,0,0,0,0,0,0,16,0,0,0,1118,0,0,5,5,0,0,0,"Thoriumbruderschaft",0,0,0,0,0,0,0,0,0,0,0,0,16712190,0,0,0,"Die Zwerge der Thoriumbruderschaft verkörpern den Höhepunkt der Handwerkskunst und sind davon besessen, die Geheimnisse des Schwarzfels zu enträtseln.",0,0,0,0,0,0,0,0,0,0,0,0,16712190
60,4294967295,0,0,0,0,0,0,0,0,0,0,0,0,0,0,0,0,0,1,1,5,5,0,0,0,"Naga",0,0,0,0,0,0,0,0,0,0,0,0,16712190,0,0,0,"",0,0,0,0,0,0,0,0,0,0,0,0,16712188
61,4294967295,0,0,0,0,0,0,0,0,0,0,0,0,0,0,0,0,0,1,1,5,5,0,0,0,"Dalaran",0,0,0,0,0,0,0,0,0,0,0,0,16712190,0,0,0,"",0,0,0,0,0,0,0,0,0,0,0,0,16712188
62,4294967295,0,0,0,0,0,0,0,0,0,0,0,0,0,0,0,0,0,1,1,5,5,0,0,0,"Unglückseliger Geist",0,0,0,0,0,0,0,0,0,0,0,0,16712190,0,0,0,"",0,0,0,0,0,0,0,0,0,0,0,0,16712188
63,4294967295,0,0,0,0,0,0,0,0,0,0,0,0,0,0,0,0,0,1,1,5,5,0,0,0,"Darkhowl",0,0,0,0,0,0,0,0,0,0,0,0,16712190,0,0,0,"",0,0,0,0,0,0,0,0,0,0,0,0,16712188
64,4294967295,0,0,0,0,0,0,0,0,0,0,0,0,0,0,0,0,0,1,1,5,5,0,0,0,"Grell",0,0,0,0,0,0,0,0,0,0,0,0,16712190,0,0,0,"",0,0,0,0,0,0,0,0,0,0,0,0,16712188
65,4294967295,0,0,0,0,0,0,0,0,0,0,0,0,0,0,0,0,0,1,1,5,5,0,0,0,"Furbolg",0,0,0,0,0,0,0,0,0,0,0,0,16712190,0,0,0,"",0,0,0,0,0,0,0,0,0,0,0,0,16712188
66,4294967295,0,0,0,0,0,0,0,0,0,0,0,0,0,0,0,0,0,1,1,5,5,0,0,0,"Horde, Standard",0,0,0,0,0,0,0,0,0,0,0,0,16712190,0,0,0,"",0,0,0,0,0,0,0,0,0,0,0,0,16712188
67,12,690,1101,0,0,0,0,0,0,3500,4294925296,0,0,25,14,0,0,1118,0,0,5,5,0,0,0,"Horde",0,0,0,0,0,0,0,0,0,0,0,0,16712190,0,0,0,"",0,0,0,0,0,0,0,0,0,0,0,0,16712188
68,17,162,1101,16,512,0,0,0,0,500,4294925296,4000,3100,273,6,17,17,67,1,0.25,7,5,0,0,0,"Unterstadt",0,0,0,0,0,0,0,0,0,0,0,0,16712190,0,0,0,"Angeführt von Sylvanas Windläufer, sind die Verlassenen eine zerbrechliche Allianz mit der Horde eingegangen und haben ihre Hauptstadt in den unermesslichen Tiefen unter den Ruinen von Lordaeron errichtet.",0,0,0,0,0,0,0,0,0,0,0,0,16712190
69,21,1093,690,8,0,0,0,0,0,3100,4294925296,4000,0,273,6,17,0,469,1,0.25,7,5,0,0,0,"Darnassus",0,0,0,0,0,0,0,0,0,0,0,0,16712190,0,0,0,"Diese Hauptstadt der Allianz wird von Nachtelfen bewohnt und liegt auf der Insel Teldrassil. Beherrscht von der Mondpriesterin Tyrande Wisperwind.",0,0,0,0,0,0,0,0,0,0,0,0,16712190
70,6,1791,0,0,0,0,0,0,0,4294957296,0,0,0,2,0,0,0,0,1,1,5,5,0,0,0,"Syndikat",0,0,0,0,0,0,0,0,0,0,0,0,16712190,0,0,0,"Eine Verbrechensorganisation, die hauptsächlich aus Menschen besteht und vom Alteracgebirge und den Vorgebirgen des Hügellands aus operiert.",0,0,0,0,0,0,0,0,0,0,0,0,16712190
71,4294967295,0,0,0,0,0,0,0,0,0,0,0,0,0,0,0,0,0,1,1,5,5,0,0,0,"Hügellandmiliz",0,0,0,0,0,0,0,0,0,0,0,0,16712190,0,0,0,"",0,0,0,0,0,0,0,0,0,0,0,0,16712188
72,19,1100,690,1,0,0,0,0,0,3100,4294925296,4000,0,273,6,17,0,469,1,0.25,7,5,0,0,0,"Sturmwind",0,0,0,0,0,0,0,0,0,0,0,0,16712190,0,0,0,"Eine der letzten Bastionen der Macht der Menschen. Diese Hauptstadt der Allianz wird von dem zurückgekehrten König Varian Wrynn beherrscht.",0,0,0,0,0,0,0,0,0,0,0,0,16712190
73,4294967295,0,0,0,0,0,0,0,0,0,0,0,0,0,0,0,0,0,1,1,5,5,0,0,0,"Dämon",0,0,0,0,0,0,0,0,0,0,0,0,16712190,0,0,0,"",0,0,0,0,0,0,0,0,0,0,0,0,16712188
74,4294967295,0,0,0,0,0,0,0,0,0,0,0,0,0,0,0,0,0,1,1,5,5,0,0,0,"Elementar",0,0,0,0,0,0,0,0,0,0,0,0,16712190,0,0,0,"",0,0,0,0,0,0,0,0,0,0,0,0,16712188
75,4294967295,0,0,0,0,0,0,0,0,0,0,0,0,0,0,0,0,0,1,1,5,5,0,0,0,"Geist",0,0,0,0,0,0,0,0,0,0,0,0,16712190,0,0,0,"",0,0,0,0,0,0,0,0,0,0,0,0,16712188
76,14,160,1101,2,528,0,0,0,0,3100,4294925296,4000,500,273,6,17,17,67,1,0.25,7,5,0,0,0,"Orgrimmar",0,0,0,0,0,0,0,0,0,0,0,0,16712190,0,0,0,"Diese von Thrall begründete Hauptstadt der Horde ist das Zuhause von vielen der stolzen Orcklans von Durotar.",0,0,0,0,0,0,0,0,0,0,0,0,16712190
77,4294967295,0,0,0,0,0,0,0,0,0,0,0,0,0,0,0,0,0,1,1,5,5,0,0,0,"Schatz",0,0,0,0,0,0,0,0,0,0,0,0,16712190,0,0,0,"",0,0,0,0,0,0,0,0,0,0,0,0,16712188
78,4294967295,0,0,0,0,0,0,0,0,0,0,0,0,0,0,0,0,0,1,1,5,5,0,0,0,"Gnoll - Morastschnauzen",0,0,0,0,0,0,0,0,0,0,0,0,16712190,0,0,0,"",0,0,0,0,0,0,0,0,0,0,0,0,16712188
79,4294967295,0,0,0,0,0,0,0,0,0,0,0,0,0,0,0,0,0,1,1,5,5,0,0,0,"Hügelland, Bürgermeister von Süderstade",0,0,0,0,0,0,0,0,0,0,0,0,16712190,0,0,0,"",0,0,0,0,0,0,0,0,0,0,0,0,16712188
80,4294967295,0,0,0,0,0,0,0,0,0,0,0,0,0,0,0,0,0,1,1,5,5,0,0,0,"Drachenschwarm, Schwarz",0,0,0,0,0,0,0,0,0,0,0,0,16712190,0,0,0,"",0,0,0,0,0,0,0,0,0,0,0,0,16712188
81,16,130,1101,528,32,0,0,0,0,3100,4294925296,500,4000,273,6,17,17,67,1,0.25,7,5,0,0,0,"Donnerfels",0,0,0,0,0,0,0,0,0,0,0,0,16712190,0,0,0,"Cairne Bluthuf führt sein Volk, die stolzen Tauren, von dieser mächtigen Hauptstadt der Horde aus an.",0,0,0,0,0,0,0,0,0,0,0,0,16712190
82,4294967295,0,0,0,0,0,0,0,0,0,0,0,0,0,0,0,0,0,1,1,5,5,0,0,0,"Troll, Bleichborken",0,0,0,0,0,0,0,0,0,0,0,0,16712190,0,0,0,"",0,0,0,0,0,0,0,0,0,0,0,0,16712188
83,23,1791,0,0,0,0,0,0,0,2999,0,0,0,4,0,0,0,0,1,1,5,5,0,0,0," Lederverarbeitung - Elementar",0,0,0,0,0,0,0,0,0,0,0,0,16712190,0,0,0,"",0,0,0,0,0,0,0,0,0,0,0,0,16712188
84,4294967295,0,0,0,0,0,0,0,0,0,0,0,0,0,0,0,0,0,1,1,5,5,0,0,0,"Stacheleber, Klingenmähnen",0,0,0,0,0,0,0,0,0,0,0,0,16712190,0,0,0,"",0,0,0,0,0,0,0,0,0,0,0,0,16712188
85,4294967295,0,0,0,0,0,0,0,0,0,0,0,0,0,0,0,0,0,1,1,5,5,0,0,0,"Stacheleber, Borstennacken",0,0,0,0,0,0,0,0,0,0,0,0,16712190,0,0,0,"",0,0,0,0,0,0,0,0,0,0,0,0,16712188
86,22,1791,0,0,0,0,0,0,0,2999,0,0,0,4,0,0,0,0,1,1,5,5,0,0,0," Lederverarbeitung - Drachen",0,0,0,0,0,0,0,0,0,0,0,0,16712190,0,0,0,"",0,0,0,0,0,0,0,0,0,0,0,0,16712188
87,0,1791,0,0,0,0,0,0,0,4294960796,0,0,0,2,0,0,0,1118,0,0,5,5,0,0,0,"Blutsegelbukaniere",0,0,0,0,0,0,0,0,0,0,0,0,16712190,0,0,0,"Diese blutdürstigen Korsaren sind der Schrecken aller Handelsschiffe. Erzrivalen von Beutebucht.",0,0,0,0,0,0,0,0,0,0,0,0,16712190
88,4294967295,0,0,0,0,0,0,0,0,0,0,0,0,0,0,0,0,0,1,1,5,5,0,0,0,"Tiefschwarze Grotte",0,0,0,0,0,0,0,0,0,0,0,0,16712190,0,0,0,"",0,0,0,0,0,0,0,0,0,0,0,0,16712188
89,4294967295,0,0,0,0,0,0,0,0,0,0,0,0,0,0,0,0,0,1,1,5,5,0,0,0,"Makrura",0,0,0,0,0,0,0,0,0,0,0,0,16712190,0,0,0,"",0,0,0,0,0,0,0,0,0,0,0,0,16712188
90,4294967295,0,0,0,0,0,0,0,0,0,0,0,0,0,0,0,0,0,1,1,5,5,0,0,0,"Zentaur, Kolkar",0,0,0,0,0,0,0,0,0,0,0,0,16712190,0,0,0,"",0,0,0,0,0,0,0,0,0,0,0,0,16712188
91,4294967295,0,0,0,0,0,0,0,0,0,0,0,0,0,0,0,0,0,1,1,5,5,0,0,0,"Zentaur, Galak",0,0,0,0,0,0,0,0,0,0,0,0,16712190,0,0,0,"",0,0,0,0,0,0,0,0,0,0,0,0,16712188
92,2,1791,0,0,0,0,0,0,0,2000,0,0,0,2,0,0,0,1118,0,0,5,5,0,0,0,"Gelkisklan",0,0,0,0,0,0,0,0,0,0,0,0,16712190,0,0,0,"Diese Zentauren leben in der südlichen Region von Desolace. Todfeinde des Magramklans.",0,0,0,0,0,0,0,0,0,0,0,0,16712190
93,3,1791,0,0,0,0,0,0,0,2000,0,0,0,2,0,0,0,1118,0,0,5,5,0,0,0,"Magramklan",0,0,0,0,0,0,0,0,0,0,0,0,16712190,0,0,0,"Diese Zentauren leben in der östlichen Region von Desolace. Todfeinde des Gelkisklans.",0,0,0,0,0,0,0,0,0,0,0,0,16712190
94,4294967295,0,0,0,0,0,0,0,0,0,0,0,0,0,0,0,0,0,1,1,5,5,0,0,0,"Maraudine",0,0,0,0,0,0,0,0,0,0,0,0,16712190,0,0,0,"",0,0,0,0,0,0,0,0,0,0,0,0,16712188
108,4294967295,0,0,0,0,0,0,0,0,0,0,0,0,0,0,0,0,0,1,1,5,5,0,0,0,"Theramore",0,0,0,0,0,0,0,0,0,0,0,0,16712190,0,0,0,"",0,0,0,0,0,0,0,0,0,0,0,0,16712188
109,4294967295,0,0,0,0,0,0,0,0,0,0,0,0,0,0,0,0,0,1,1,5,5,0,0,0,"Stacheleber, Klingenhauer",0,0,0,0,0,0,0,0,0,0,0,0,16712190,0,0,0,"",0,0,0,0,0,0,0,0,0,0,0,0,16712188
110,4294967295,0,0,0,0,0,0,0,0,0,0,0,0,0,0,0,0,0,1,1,5,5,0,0,0,"Stacheleber, Klingenmähnen 2",0,0,0,0,0,0,0,0,0,0,0,0,16712190,0,0,0,"",0,0,0,0,0,0,0,0,0,0,0,0,16712188
111,4294967295,0,0,0,0,0,0,0,0,0,0,0,0,0,0,0,0,0,1,1,5,5,0,0,0,"Stacheleber, Totenkopf",0,0,0,0,0,0,0,0,0,0,0,0,16712190,0,0,0,"",0,0,0,0,0,0,0,0,0,0,0,0,16712188
128,4294967295,0,0,0,0,0,0,0,0,0,0,0,0,0,0,0,0,0,1,1,5,5,0,0,0,"Feind",0,0,0,0,0,0,0,0,0,0,0,0,16712190,0,0,0,"",0,0,0,0,0,0,0,0,0,0,0,0,16712188
148,4294967295,0,0,0,0,0,0,0,0,0,0,0,0,0,0,0,0,0,1,1,5,5,0,0,0,"Umgebung",0,0,0,0,0,0,0,0,0,0,0,0,16712190,0,0,0,"",0,0,0,0,0,0,0,0,0,0,0,0,16712188
168,4294967295,0,0,0,0,0,0,0,0,0,0,0,0,0,0,0,0,0,1,1,5,5,0,0,0,"Karawane von Nethergarde",0,0,0,0,0,0,0,0,0,0,0,0,16712190,0,0,0,"",0,0,0,0,0,0,0,0,0,0,0,0,16712188
169,10,1791,0,0,0,0,0,0,0,500,0,0,0,12,0,0,0,1118,0,0,5,5,0,0,0,"Dampfdruckkartell",0,0,0,0,0,0,0,0,0,0,0,0,16712190,0,0,0,"",0,0,0,0,0,0,0,0,0,0,0,0,16712188
189,4294967295,0,0,0,0,0,0,0,0,0,0,0,0,0,0,0,0,0,1,1,5,5,0,0,0,"Allianz Allgemein",0,0,0,0,0,0,0,0,0,0,0,0,16712190,0,0,0,"",0,0,0,0,0,0,0,0,0,0,0,0,16712188
209,4294967295,0,0,0,0,0,0,0,0,0,0,0,0,0,0,0,0,0,1,1,5,5,0,0,0,"Nethergarde",0,0,0,0,0,0,0,0,0,0,0,0,16712190,0,0,0,"",0,0,0,0,0,0,0,0,0,0,0,0,16712188
229,4294967295,0,0,0,0,0,0,0,0,0,0,0,0,0,0,0,0,0,1,1,5,5,0,0,0,"Die Höhlen des Wehklagens",0,0,0,0,0,0,0,0,0,0,0,0,16712190,0,0,0,"",0,0,0,0,0,0,0,0,0,0,0,0,16712188
249,4294967295,0,0,0,0,0,0,0,0,0,0,0,0,0,0,0,0,0,1,1,5,5,0,0,0,"Sillithid",0,0,0,0,0,0,0,0,0,0,0,0,16712190,0,0,0,"",0,0,0,0,0,0,0,0,0,0,0,0,16712188
269,4294967295,0,0,0,0,0,0,0,0,0,0,0,0,0,0,0,0,0,1,1,5,5,0,0,0,"Überlebende aus Silbermond",0,0,0,0,0,0,0,0,0,0,0,0,16712190,0,0,0,"",0,0,0,0,0,0,0,0,0,0,0,0,16712188
270,51,1791,0,0,0,0,0,0,0,0,0,0,0,16,0,0,0,1118,0,0,5,5,0,0,0,"Stamm der Zandalari",0,0,0,0,0,0,0,0,0,0,0,0,16712190,0,0,0,"Diese Trolle sind zur Insel Yojamba gereist, um Hilfe im Kampf gegen den wiederauferstandenen Blutgott und seine Priester der Atal'ai in Zul'Gurub zu erbitten.",0,0,0,0,0,0,0,0,0,0,0,0,16712190
289,30,1791,0,0,0,0,0,0,0,0,0,0,0,4,0,0,0,0,1,1,5,5,0,0,0," Schmiedekunst - Waffenschmiedekunst",0,0,0,0,0,0,0,0,0,0,0,0,16712190,0,0,0,"",0,0,0,0,0,0,0,0,0,0,0,0,16712188
309,4294967295,0,0,0,0,0,0,0,0,0,0,0,0,0,0,0,0,0,1,1,5,5,0,0,0,"Skorpid",0,0,0,0,0,0,0,0,0,0,0,0,16712190,0,0,0,"",0,0,0,0,0,0,0,0,0,0,0,0,16712188
310,4294967295,0,0,0,0,0,0,0,0,0,0,0,0,0,0,0,0,0,1,1,5,5,0,0,0,"Wildtier - Fledermaus",0,0,0,0,0,0,0,0,0,0,0,0,16712190,0,0,0,"",0,0,0,0,0,0,0,0,0,0,0,0,16712188
311,4294967295,0,0,0,0,0,0,0,0,0,0,0,0,0,0,0,0,0,1,1,5,5,0,0,0,"Titanisch",0,0,0,0,0,0,0,0,0,0,0,0,16712190,0,0,0,"",0,0,0,0,0,0,0,0,0,0,0,0,16712188
329,4294967295,0,0,0,0,0,0,0,0,0,0,0,0,0,0,0,0,0,1,1,5,5,0,0,0,"Zuchtmeister Fitzel",0,0,0,0,0,0,0,0,0,0,0,0,16712190,0,0,0,"",0,0,0,0,0,0,0,0,0,0,0,0,16712188
349,5,1791,0,0,0,0,0,0,0,0,0,0,0,0,0,0,0,1118,0,0,5,5,0,0,0,"Rabenholdt",0,0,0,0,0,0,0,0,0,0,0,0,16712190,0,0,0,"Diese Gilde von Dieben und Meuchelmördern heißt nur jene willkommen, die über außergewöhnliches Können verfügen. Erzrivalen des Syndikats.",0,0,0,0,0,0,0,0,0,0,0,0,16712190
369,7,1791,0,0,0,0,0,0,0,500,0,0,0,64,0,0,0,169,1,0.5,7,5,0,0,0,"Gadgetzan",0,0,0,0,0,0,0,0,0,0,0,0,16712190,0,0,0,"Hauptstadt des Dampfdruckkartells und die Heimat der besten Ingenieure, Alchemisten und Händler, die die Goblins zu bieten haben.",0,0,0,0,0,0,0,0,0,0,0,0,16712190
389,4294967295,0,0,0,0,0,0,0,0,0,0,0,0,0,0,0,0,0,1,1,5,5,0,0,0,"Gnomeregan-Bug",0,0,0,0,0,0,0,0,0,0,0,0,16712190,0,0,0,"",0,0,0,0,0,0,0,0,0,0,0,0,16712188
409,4294967295,0,0,0,0,0,0,0,0,0,0,0,0,0,0,0,0,0,1,1,5,5,0,0,0,"Harpyie",0,0,0,0,0,0,0,0,0,0,0,0,16712190,0,0,0,"",0,0,0,0,0,0,0,0,0,0,0,0,16712188
429,4294967295,0,0,0,0,0,0,0,0,0,0,0,0,0,0,0,0,0,1,1,5,5,0,0,0,"Brennende Klinge",0,0,0,0,0,0,0,0,0,0,0,0,16712190,0,0,0,"",0,0,0,0,0,0,0,0,0,0,0,0,16712188
449,4294967295,0,0,0,0,0,0,0,0,0,0,0,0,0,0,0,0,0,1,1,5,5,0,0,0,"Schattenseidewilderer",0,0,0,0,0,0,0,0,0,0,0,0,16712190,0,0,0,"",0,0,0,0,0,0,0,0,0,0,0,0,16712188
450,4294967295,0,0,0,0,0,0,0,0,0,0,0,0,0,0,0,0,0,1,1,5,5,0,0,0,"Sengende Spinne",0,0,0,0,0,0,0,0,0,0,0,0,16712190,0,0,0,"",0,0,0,0,0,0,0,0,0,0,0,0,16712188
469,11,1101,690,0,0,0,0,0,0,3300,4294925296,0,0,25,14,0,0,1118,0,0,5,5,0,0,0,"Allianz",0,0,0,0,0,0,0,0,0,0,0,0,16712190,0,0,0,"",0,0,0,0,0,0,0,0,0,0,0,0,16712188
470,9,1791,0,0,0,0,0,0,0,500,0,0,0,64,0,0,0,169,1,0.5,7,5,0,0,0,"Ratschet",0,0,0,0,0,0,0,0,0,0,0,0,16712190,0,0,0,"Diese neutrale Goblinstadt, ein Teil des Dampfdruckkartells, ist ein sicherer Hafen für all jene, die im Brachland mit Waren und Dienstleistungen handeln wollen.",0,0,0,0,0,0,0,0,0,0,0,0,16712190
471,8,1097,690,4,0,0,0,0,0,150,4294925296,500,0,20,22,4,0,0,1,1,5,5,0,0,0,"Wildhammerklan",0,0,0,0,0,0,0,0,0,0,0,0,16712190,0,0,0,"Obgleich sie der Allianz nicht angehören, haben die Zwerge des Nistgipfels ihr die Tore geöffnet und sehen die Horde als den Feind an.",0,0,0,0,0,0,0,0,0,0,0,0,16712190
489,4294967295,0,0,0,0,0,0,0,0,0,0,0,0,0,0,0,0,0,1,1,5,5,0,0,0,"Goblin, Dunkeleisen (Bargast)",0,0,0,0,0,0,0,0,0,0,0,0,16712190,0,0,0,"",0,0,0,0,0,0,0,0,0,0,0,0,16712188
509,53,1101,690,0,0,0,0,0,0,0,4294925296,0,0,16,2,0,0,891,0,0,5,5,0,0,0,"Der Bund von Arathor",0,0,0,0,0,0,0,0,0,0,0,0,16712190,0,0,0,"Der Bund von Arathor will die verlorenen Ländereien des Arathibeckens wieder für ihre Gönner in Sturmwind zurückgewinnen.",0,0,0,0,0,0,0,0,0,0,0,0,16712190
510,52,690,1101,0,0,0,0,0,0,0,4294925296,0,0,16,2,0,0,892,0,0,5,5,0,0,0,"Die Entweihten",0,0,0,0,0,0,0,0,0,0,0,0,16712190,0,0,0,"Die Entweihten wollen die wertvollen Ressourcen des Arathibeckens für die Horde gewinnen.",0,0,0,0,0,0,0,0,0,0,0,0,16712190
511,4294967295,0,0,0,0,0,0,0,0,0,0,0,0,0,0,0,0,0,1,1,5,5,0,0,0,"Riese",0,0,0,0,0,0,0,0,0,0,0,0,16712190,0,0,0,"",0,0,0,0,0,0,0,0,0,0,0,0,16712188
529,13,1791,0,0,0,0,0,0,0,200,0,0,0,0,0,0,0,1118,0,0,5,5,0,0,0,"Argentumdämmerung",0,0,0,0,0,0,0,0,0,0,0,0,16712190,0,0,0,"Eine Organisation, die es sich zum Ziel gesetzt hat, Azeroth vor der Bedrohung durch die Geißel zu beschützen. Stützpunkte der Argentumdämmerung befinden sich in den östlichen und westlichen Pestländern.",0,0,0,0,0,0,0,0,0,0,0,0,16712190
530,15,34,1101,528,128,0,0,0,0,3100,4294925296,500,4000,273,6,17,17,67,1,0.25,7,5,0,0,0,"Dunkelspeertrolle",0,0,0,0,0,0,0,0,0,0,0,0,16712190,0,0,0,"Dieser Stamm von verbannten Trollen hat sich Thrall und der Horde angeschlossen. Ihr Zuhause ist nun Durotar, welches sie sich mit den Orcs teilen.",0,0,0,0,0,0,0,0,0,0,0,0,16712190
531,4294967295,0,0,0,0,0,0,0,0,0,0,0,0,0,0,0,0,0,1,1,5,5,0,0,0,"Drachenschwarm, Bronze",0,0,0,0,0,0,0,0,0,0,0,0,16712190,0,0,0,"",0,0,0,0,0,0,0,0,0,0,0,0,16712188
532,4294967295,0,0,0,0,0,0,0,0,0,0,0,0,0,0,0,0,0,1,1,5,5,0,0,0,"Drachenschwarm, Blau",0,0,0,0,0,0,0,0,0,0,0,0,16712190,0,0,0,"",0,0,0,0,0,0,0,0,0,0,0,0,16712188
549,24,1791,0,0,0,0,0,0,0,2999,0,0,0,4,0,0,0,0,1,1,5,5,0,0,0," Lederverarbeitung - Stamm",0,0,0,0,0,0,0,0,0,0,0,0,16712190,0,0,0,"",0,0,0,0,0,0,0,0,0,0,0,0,16712188
550,26,1791,0,0,0,0,0,0,0,2999,0,0,0,4,0,0,0,0,1,1,5,5,0,0,0," Ingenieurskunst - Goblin",0,0,0,0,0,0,0,0,0,0,0,0,16712190,0,0,0,"",0,0,0,0,0,0,0,0,0,0,0,0,16712188
551,25,1791,0,0,0,0,0,0,0,2999,0,0,0,4,0,0,0,0,1,1,5,5,0,0,0," Ingenieurskunst - Gnom",0,0,0,0,0,0,0,0,0,0,0,0,16712190,0,0,0,"",0,0,0,0,0,0,0,0,0,0,0,0,16712188
569,33,1791,0,0,0,0,0,0,0,0,0,0,0,4,0,0,0,0,1,1,5,5,0,0,0," Schmiedekunst - Hammerschmiedekunst",0,0,0,0,0,0,0,0,0,0,0,0,16712190,0,0,0,"",0,0,0,0,0,0,0,0,0,0,0,0,16712188
570,31,1791,0,0,0,0,0,0,0,0,0,0,0,4,0,0,0,0,1,1,5,5,0,0,0," Schmiedekunst - Axtschmiedekunst",0,0,0,0,0,0,0,0,0,0,0,0,16712190,0,0,0,"",0,0,0,0,0,0,0,0,0,0,0,0,16712188
571,32,1791,0,0,0,0,0,0,0,0,0,0,0,4,0,0,0,0,1,1,5,5,0,0,0," Schmiedekunst - Schwertschmiedekunst",0,0,0,0,0,0,0,0,0,0,0,0,16712190,0,0,0,"",0,0,0,0,0,0,0,0,0,0,0,0,16712188
572,4294967295,0,0,0,0,0,0,0,0,0,0,0,0,0,0,0,0,0,1,1,5,5,0,0,0,"Troll, Blutfratzen",0,0,0,0,0,0,0,0,0,0,0,0,16712190,0,0,0,"",0,0,0,0,0,0,0,0,0,0,0,0,16712188
573,4294967295,0,0,0,0,0,0,0,0,0,0,0,0,0,0,0,0,0,1,1,5,5,0,0,0,"Südmeerfreibeuter",0,0,0,0,0,0,0,0,0,0,0,0,16712190,0,0,0,"",0,0,0,0,0,0,0,0,0,0,0,0,16712188
574,34,1791,0,0,0,0,0,0,0,0,0,0,0,4,0,0,0,0,1,1,5,5,0,0,0,"Darrowehr",0,0,0,0,0,0,0,0,0,0,0,0,16712190,0,0,0,"",0,0,0,0,0,0,0,0,0,0,0,0,16712188
575,4294967295,0,0,0,0,0,0,0,0,0,0,0,0,0,0,0,0,0,1,1,5,5,0,0,0,"Furbolg, nicht verderbt",0,0,0,0,0,0,0,0,0,0,0,0,16712190,0,0,0,"",0,0,0,0,0,0,0,0,0,0,0,0,16712188
576,35,1791,0,0,0,0,0,0,0,4294963796,0,0,0,2,0,0,0,1118,0,0,5,5,0,0,0,"Holzschlundfeste",0,0,0,0,0,0,0,0,0,0,0,0,16712190,0,0,0,"Als der letzte unverderbte Stamm der Furbolgs, wollen die Furbolgs der Holzschlundfeste ihren spirituellen Lebensweg bewahren und das Leiden ihrer Artgenossen beenden.",0,0,0,0,0,0,0,0,0,0,0,0,16712190
577,28,1791,0,0,0,0,0,0,0,500,0,0,0,64,0,0,0,169,1,0.5,7,5,0,0,0,"Ewige Warte",0,0,0,0,0,0,0,0,0,0,0,0,16712190,0,0,0,"Dies ist ein von den Goblins des Dampfdruckkartells geführter Handelsposten, der sich im Zentrum der Haupthandelswege von Winterquell befindet.",0,0,0,0,0,0,0,0,0,0,0,0,16712190
589,27,690,1101,0,0,0,0,0,0,4294925296,0,0,0,6,0,0,0,0,1,1,5,5,0,0,0,"Wintersäblerausbilder",0,0,0,0,0,0,0,0,0,0,0,0,16712190,0,0,0,"Eine kleine Gruppe zurückgezogener Nachtelfen zieht in der Gegend von Winterquell Wintersäbler auf und bildet sie aus.",0,0,0,0,0,0,0,0,0,0,0,0,16712190
609,36,1791,40,0,0,511,1024,0,0,0,2000,0,0,0,0,0,0,1118,0,0,5,5,0,0,0,"Zirkel des Cenarius",0,0,0,0,0,0,0,0,0,0,0,0,16712190,0,0,0,"Die Druiden des Zirkels des Cenarius sind Beschützer der Natur und leben auf der friedlichen Mondlichtung.",0,0,0,0,0,0,0,0,0,0,0,0,16712190
629,4294967295,0,0,0,0,0,0,0,0,0,0,0,0,0,0,0,0,0,1,1,5,5,0,0,0,"Splitterspeertrolle",0,0,0,0,0,0,0,0,0,0,0,0,16712190,0,0,0,"",0,0,0,0,0,0,0,0,0,0,0,0,16712188
630,4294967295,0,0,0,0,0,0,0,0,0,0,0,0,0,0,0,0,0,1,1,5,5,0,0,0,"Ravasaurusausbilder",0,0,0,0,0,0,0,0,0,0,0,0,16712190,0,0,0,"",0,0,0,0,0,0,0,0,0,0,0,0,16712188
649,4294967295,0,0,0,0,0,0,0,0,0,0,0,0,0,0,0,0,0,1,1,5,5,0,0,0,"Majordomus Exekutus",0,0,0,0,0,0,0,0,0,0,0,0,16712190,0,0,0,"",0,0,0,0,0,0,0,0,0,0,0,0,16712188
669,4294967295,0,0,0,0,0,0,0,0,0,0,0,0,0,0,0,0,0,1,1,5,5,0,0,0,"Wildtier - Aasvogel",0,0,0,0,0,0,0,0,0,0,0,0,16712190,0,0,0,"",0,0,0,0,0,0,0,0,0,0,0,0,16712188
670,4294967295,0,0,0,0,0,0,0,0,0,0,0,0,0,0,0,0,0,1,1,5,5,0,0,0,"Wildtier - Katze",0,0,0,0,0,0,0,0,0,0,0,0,16712190,0,0,0,"",0,0,0,0,0,0,0,0,0,0,0,0,16712188
671,4294967295,0,0,0,0,0,0,0,0,0,0,0,0,0,0,0,0,0,1,1,5,5,0,0,0,"Wildtier - Krebs",0,0,0,0,0,0,0,0,0,0,0,0,16712190,0,0,0,"",0,0,0,0,0,0,0,0,0,0,0,0,16712188
672,4294967295,0,0,0,0,0,0,0,0,0,0,0,0,0,0,0,0,0,1,1,5,5,0,0,0,"Wildtier - Krokilisk",0,0,0,0,0,0,0,0,0,0,0,0,16712190,0,0,0,"",0,0,0,0,0,0,0,0,0,0,0,0,16712188
673,4294967295,0,0,0,0,0,0,0,0,0,0,0,0,0,0,0,0,0,1,1,5,5,0,0,0,"Wildtier - Hyäne",0,0,0,0,0,0,0,0,0,0,0,0,16712190,0,0,0,"",0,0,0,0,0,0,0,0,0,0,0,0,16712188
674,4294967295,0,0,0,0,0,0,0,0,0,0,0,0,0,0,0,0,0,1,1,5,5,0,0,0,"Wildtier - Eule",0,0,0,0,0,0,0,0,0,0,0,0,16712190,0,0,0,"",0,0,0,0,0,0,0,0,0,0,0,0,16712188
675,4294967295,0,0,0,0,0,0,0,0,0,0,0,0,0,0,0,0,0,1,1,5,5,0,0,0,"Wildtier - Skorpid",0,0,0,0,0,0,0,0,0,0,0,0,16712190,0,0,0,"",0,0,0,0,0,0,0,0,0,0,0,0,16712188
676,4294967295,0,0,0,0,0,0,0,0,0,0,0,0,0,0,0,0,0,1,1,5,5,0,0,0,"Wildtier - Weitschreiter",0,0,0,0,0,0,0,0,0,0,0,0,16712190,0,0,0,"",0,0,0,0,0,0,0,0,0,0,0,0,16712188
677,4294967295,0,0,0,0,0,0,0,0,0,0,0,0,0,0,0,0,0,1,1,5,5,0,0,0,"Wildtier - Schildkröte",0,0,0,0,0,0,0,0,0,0,0,0,16712190,0,0,0,"",0,0,0,0,0,0,0,0,0,0,0,0,16712188
678,4294967295,0,0,0,0,0,0,0,0,0,0,0,0,0,0,0,0,0,1,1,5,5,0,0,0,"Wildtier - Windnatter",0,0,0,0,0,0,0,0,0,0,0,0,16712190,0,0,0,"",0,0,0,0,0,0,0,0,0,0,0,0,16712188
679,4294967295,0,0,0,0,0,0,0,0,0,0,0,0,0,0,0,0,0,1,1,5,5,0,0,0,"Trainingsattrappe",0,0,0,0,0,0,0,0,0,0,0,0,16712190,0,0,0,"",0,0,0,0,0,0,0,0,0,0,0,0,16712188
689,4294967295,0,0,0,0,0,0,0,0,0,0,0,0,0,0,0,0,0,1,1,5,5,0,0,0,"Drachenschwarm, schwarz - Köder",0,0,0,0,0,0,0,0,0,0,0,0,16712190,0,0,0,"",0,0,0,0,0,0,0,0,0,0,0,0,16712188
709,4294967295,0,0,0,0,0,0,0,0,0,0,0,0,0,0,0,0,0,1,1,5,5,0,0,0,"Schlachtfeld, neutral",0,0,0,0,0,0,0,0,0,0,0,0,16712190,0,0,0,"",0,0,0,0,0,0,0,0,0,0,0,0,16712188
729,41,690,1101,0,0,0,0,0,0,0,4294925296,0,0,16,2,0,0,892,0,0,5,5,0,0,0,"Frostwolfklan",0,0,0,0,0,0,0,0,0,0,0,0,16712190,0,0,0,"Der Frostwolfklan will die Zwerge des Sturmlanzenklans aus dem Alteractal vertreiben.",0,0,0,0,0,0,0,0,0,0,0,0,16712190
730,40,1101,690,0,0,0,0,0,0,0,4294925296,0,0,16,2,0,0,891,0,0,5,5,0,0,0,"Sturmlanzengarde",0,0,0,0,0,0,0,0,0,0,0,0,16712190,0,0,0,"Die Zwerge des Sturmlanzenklans haben sich im Alteractal niedergelassen, wo sie in ständige Auseinandersetzungen mit den Orcs des Frostwolfklans verwickelt sind.",0,0,0,0,0,0,0,0,0,0,0,0,16712190
749,42,1791,0,0,0,0,0,0,0,0,0,0,0,0,0,0,0,1118,1,1,5,5,0,0,0,"Hydraxianer",0,0,0,0,0,0,0,0,0,0,0,0,16712190,0,0,0,"Diese Elementarwesen leben auf den Inseln östlich von Azshara. Erzrivalen der Armeen von Ragnaros.",0,0,0,0,0,0,0,0,0,0,0,0,16712190
750,4294967295,0,0,0,0,0,0,0,0,0,0,0,0,0,0,0,0,0,1,1,5,5,0,0,0,"Sulfuronfeuerlords",0,0,0,0,0,0,0,0,0,0,0,0,16712190,0,0,0,"",0,0,0,0,0,0,0,0,0,0,0,0,16712188
769,4294967295,0,0,0,0,0,0,0,0,0,0,0,0,0,0,0,0,0,1,1,5,5,0,0,0,"Gizlocks Attrappe",0,0,0,0,0,0,0,0,0,0,0,0,16712190,0,0,0,"",0,0,0,0,0,0,0,0,0,0,0,0,16712188
770,4294967295,0,0,0,0,0,0,0,0,0,0,0,0,0,0,0,0,0,1,1,5,5,0,0,0,"Gizlocks Glücksbringer",0,0,0,0,0,0,0,0,0,0,0,0,16712190,0,0,0,"",0,0,0,0,0,0,0,0,0,0,0,0,16712188
771,4294967295,0,0,0,0,0,0,0,0,0,0,0,0,0,0,0,0,0,1,1,5,5,0,0,0,"Gizlock",0,0,0,0,0,0,0,0,0,0,0,0,16712190,0,0,0,"",0,0,0,0,0,0,0,0,0,0,0,0,16712188
789,4294967295,0,0,0,0,0,0,0,0,0,0,0,0,0,0,0,0,0,1,1,5,5,0,0,0,"Moro'gai",0,0,0,0,0,0,0,0,0,0,0,0,16712190,0,0,0,"",0,0,0,0,0,0,0,0,0,0,0,0,16712188
790,4294967295,0,0,0,0,0,0,0,0,0,0,0,0,0,0,0,0,0,1,1,5,5,0,0,0,"Geisterführer - Allianz",0,0,0,0,0,0,0,0,0,0,0,0,16712190,0,0,0,"",0,0,0,0,0,0,0,0,0,0,0,0,16712188
809,44,1791,0,0,0,0,0,0,0,0,0,0,0,16,0,0,0,1118,0,0,5,5,0,0,0,"Shen'dralar",0,0,0,0,0,0,0,0,0,0,0,0,16712190,0,0,0,"Ein Überbleibsel der mächtigen Elfen, die einst in Düsterbruch lebten. Sie sind noch immer weise und wissen um viele Geheimnisse.",0,0,0,0,0,0,0,0,0,0,0,0,16712190
829,4294967295,0,0,0,0,0,0,0,0,0,0,0,0,0,0,0,0,0,1,1,5,5,0,0,0,"Oger (Hauptmann Krombruch)",0,0,0,0,0,0,0,0,0,0,0,0,16712190,0,0,0,"",0,0,0,0,0,0,0,0,0,0,0,0,16712188
849,4294967295,0,0,0,0,0,0,0,0,0,0,0,0,0,0,0,0,0,1,1,5,5,0,0,0,"Geisterführer - Horde",0,0,0,0,0,0,0,0,0,0,0,0,16712190,0,0,0,"",0,0,0,0,0,0,0,0,0,0,0,0,16712188
869,4294967295,0,0,0,0,0,0,0,0,0,0,0,0,0,0,0,0,0,1,1,5,5,0,0,0,"Jaedenar",0,0,0,0,0,0,0,0,0,0,0,0,16712190,0,0,0,"",0,0,0,0,0,0,0,0,0,0,0,0,16712188
889,46,690,1101,0,0,0,0,0,0,0,4294925296,0,0,16,6,0,0,892,0,0,7,7,0,0,0,"Kriegshymnenklan",0,0,0,0,0,0,0,0,0,0,0,0,16712190,0,0,0,"Grimmige Orcs des Kriegshymnenklans, die in ständige Auseinandersetzungen mit den Schildwachen der Silberschwingen in der Kriegshymnenschlucht verwickelt sind.",0,0,0,0,0,0,0,0,0,0,0,0,16712190
890,45,1101,690,0,0,0,0,0,0,0,4294925296,0,0,16,6,0,0,891,0,0,7,7,0,0,0,"Silberschwingen",0,0,0,0,0,0,0,0,0,0,0,0,16712190,0,0,0,"Standhafte Verteidiger des Eschentals, die in ständige Auseinandersetzungen mit der Vorhut des Kriegshymnenklans in der Kriegshymnenschlucht verwickelt sind.",0,0,0,0,0,0,0,0,0,0,0,0,16712190
891,47,1101,178,0,0,0,0,0,0,0,4294925296,0,0,24,14,0,0,1118,0,0,5,5,0,0,0,"Streitkräfte der Allianz",0,0,0,0,0,0,0,0,0,0,0,0,16712190,0,0,0,"",0,0,0,0,0,0,0,0,0,0,0,0,16712188
892,48,690,77,0,0,0,0,0,0,0,4294925296,0,0,24,14,0,0,1118,0,0,5,5,0,0,0,"Streitkräfte der Horde",0,0,0,0,0,0,0,0,0,0,0,0,16712190,0,0,0,"",0,0,0,0,0,0,0,0,0,0,0,0,16712188
893,4294967295,0,0,0,0,0,0,0,0,0,0,0,0,0,0,0,0,0,1,1,5,5,0,0,0,"Bruchhauertrolle",0,0,0,0,0,0,0,0,0,0,0,0,16712190,0,0,0,"",0,0,0,0,0,0,0,0,0,0,0,0,16712188
909,50,1791,0,0,0,0,0,0,0,0,0,0,0,16,0,0,0,1118,0,0,5,5,0,0,0,"Dunkelmond-Jahrmarkt",0,0,0,0,0,0,0,0,0,0,0,0,16712190,0,0,0,"Dieser umherziehende Jahrmarkt bietet das Bizarre und Außergewöhnliche dar. Wird oft im Wald von Elwynn, in Mulgore und den Wäldern von Terokkar gesichtet.",0,0,0,0,0,0,0,0,0,0,0,0,16712190
910,54,1791,0,0,0,0,0,0,0,4294925296,0,0,0,0,0,0,0,1118,0,0,5,5,0,0,0,"Brut Nozdormus",0,0,0,0,0,0,0,0,0,0,0,0,16712190,0,0,0,"Die Abkömmlinge des bronzenen Drachenschwarms sind die Behüter der Zeit und scheren sich wenig um die Angelegenheiten der sterblichen Völker.",0,0,0,0,0,0,0,0,0,0,0,0,16712190
911,55,162,1101,512,16,0,0,0,0,400,4294925296,4000,3100,273,6,17,17,67,1,0.25,7,5,0,0,0,"Silbermond",0,0,0,0,0,0,0,0,0,0,0,0,16712190,0,0,0,"Hauptstadt von Quel'Thalas und Heimat der Blutelfen. Fast gänzlich nach Arthas' Angriff auf den Sonnenbrunnen zerstört, ist Silbermond wieder eine blühende Metropole.",0,0,0,0,0,0,0,0,0,0,0,0,16712190
912,4294967295,0,0,0,0,0,0,0,0,0,0,0,0,0,0,0,0,0,1,1,5,5,0,0,0,"Macht von Kalimdor",0,0,0,0,0,0,0,0,0,0,0,0,16712190,0,0,0,"",0,0,0,0,0,0,0,0,0,0,0,0,16712188
914,4294967295,0,0,0,0,0,0,0,0,0,0,0,0,0,0,0,0,0,1,1,5,5,0,0,0,"SPIELER, Blutelf",0,0,0,0,0,0,0,0,0,0,0,0,16712190,0,0,0,"",0,0,0,0,0,0,0,0,0,0,0,0,16712156
915,4294967295,0,0,0,0,0,0,0,0,0,0,0,0,0,0,0,0,0,1,1,5,5,0,0,0,"Armeen von C'Thun",0,0,0,0,0,0,0,0,0,0,0,0,16712190,0,0,0,"",0,0,0,0,0,0,0,0,0,0,0,0,16712188
916,4294967295,0,0,0,0,0,0,0,0,0,0,0,0,0,0,0,0,0,1,1,5,5,0,0,0,"Silithidenaggressoren",0,0,0,0,0,0,0,0,0,0,0,0,16712190,0,0,0,"",0,0,0,0,0,0,0,0,0,0,0,0,16712188
917,4294967295,0,0,0,0,0,0,0,0,0,0,0,0,0,0,0,0,0,1,1,5,5,0,0,0,"Die Eisenschmiedebrigade",0,0,0,0,0,0,0,0,0,0,0,0,16712190,0,0,0,"",0,0,0,0,0,0,0,0,0,0,0,0,16712188
918,4294967295,0,0,0,0,0,0,0,0,0,0,0,0,0,0,0,0,0,1,1,5,5,0,0,0,"Ferngesteuerte Gegner",0,0,0,0,0,0,0,0,0,0,0,0,16712190,0,0,0,"",0,0,0,0,0,0,0,0,0,0,0,0,16712156
919,4294967295,0,0,0,0,0,0,0,0,0,0,0,0,0,0,0,0,0,1,1,5,5,0,0,0,"Ferngesteuerte Objekte",0,0,0,0,0,0,0,0,0,0,0,0,16712190,0,0,0,"",0,0,0,0,0,0,0,0,0,0,0,0,16712156
920,4294967295,0,0,0,0,0,0,0,0,0,0,0,0,0,0,0,0,0,1,1,5,5,0,0,0,"Rot",0,0,0,0,0,0,0,0,0,0,0,0,16712190,0,0,0,"",0,0,0,0,0,0,0,0,0,0,0,0,16712156
921,4294967295,0,0,0,0,0,0,0,0,0,0,0,0,0,0,0,0,0,1,1,5,5,0,0,0,"Blau",0,0,0,0,0,0,0,0,0,0,0,0,16712190,0,0,0,"",0,0,0,0,0,0,0,0,0,0,0,0,16712156
922,56,690,1101,0,0,0,0,0,0,0,4294925296,0,0,16,6,0,0,1118,0,0,5,5,0,0,0,"Tristessa",0,0,0,0,0,0,0,0,0,0,0,0,16712190,0,0,0,"Einstige Stadt der Hochelfen, nach dem Einmarsch der Geißel in Quel'Thalas von ihren einstigen Bewohnern aufgegeben. Erst kürzlich von den Verlassenen und den Blutelfen, während Ihres Feldzuges gegen die Geißel in den Geisterlanden, zurückerobert.",0,0,0,0,0,0,0,0,0,0,0,0,16712190
923,4294967295,0,0,0,0,0,0,0,0,0,0,0,0,0,0,0,0,0,1,1,5,5,0,0,0,"Weltenwanderer",0,0,0,0,0,0,0,0,0,0,0,0,16712190,0,0,0,"",0,0,0,0,0,0,0,0,0,0,0,0,16712156
924,4294967295,0,0,0,0,0,0,0,0,0,0,0,0,0,0,0,0,0,1,1,5,5,0,0,0,"DEPRECATED",0,0,0,0,0,0,0,0,0,0,0,0,16712190,0,0,0,"",0,0,0,0,0,0,0,0,0,0,0,0,16712156
925,4294967295,0,0,0,0,0,0,0,0,0,0,0,0,0,0,0,0,0,1,1,5,5,0,0,0,"Sonnenwanderer",0,0,0,0,0,0,0,0,0,0,0,0,16712190,0,0,0,"",0,0,0,0,0,0,0,0,0,0,0,0,16712156
926,4294967295,0,0,0,0,0,0,0,0,0,0,0,0,0,0,0,0,0,1,1,5,5,0,0,0,"Die Magistergilde",0,0,0,0,0,0,0,0,0,0,0,0,16712190,0,0,0,"",0,0,0,0,0,0,0,0,0,0,0,0,16712156
927,4294967295,0,0,0,0,0,0,0,0,0,0,0,0,0,0,0,0,0,1,1,5,5,0,0,0,"SPIELER, Draenei",0,0,0,0,0,0,0,0,0,0,0,0,16712190,0,0,0,"",0,0,0,0,0,0,0,0,0,0,0,0,16712156
928,4294967295,0,0,0,0,0,0,0,0,0,0,0,0,0,0,0,0,0,1,1,5,5,0,0,0,"Geißelinvasoren",0,0,0,0,0,0,0,0,0,0,0,0,16712190,0,0,0,"",0,0,0,0,0,0,0,0,0,0,0,0,16712156
929,4294967295,0,0,0,0,0,0,0,0,0,0,0,0,0,0,0,0,469,0,0,3,3,0,0,0,"Klan der Blutschläger",0,0,0,0,0,0,0,0,0,0,0,0,16712190,0,0,0,"",0,0,0,0,0,0,0,0,0,0,0,0,16712156
930,49,77,946,1024,0,0,0,0,0,3000,4294925296,4000,0,273,6,17,0,469,1,0.25,7,5,0,0,0,"Die Exodar",0,0,0,0,0,0,0,0,0,0,0,0,16712190,0,0,0,"Das Schiff der Naaru, das die Draenei nach Azeroth brachte. Nach seinem Absturz auf der Azurmythosinsel dient es diesem edlen Volk als Heimstätte.",0,0,0,0,0,0,0,0,0,0,0,0,16712190
931,4294967295,0,0,0,0,0,0,0,0,0,0,0,0,0,0,0,0,0,1,1,5,5,0,0,0,"Test Faction (not a real faction)",0,0,0,0,0,0,0,0,0,0,0,0,16712190,0,0,0,"This faction only exists to test the editing of faction names and descriptions...",0,0,0,0,0,0,0,0,0,0,0,0,16712190
932,58,255,1024,512,0,0,0,0,0,0,3500,4294963796,0,80,80,80,0,936,-1.1,1,7,7,0,0,0,"Die Aldor",0,0,0,0,0,0,0,0,0,0,0,0,16712190,0,0,0,"Als uralter Orden von Draeneipriestern, einst geführt von Velen, werden die Aldor nun von Hohepriesterin Ishanah geleitet. Sie dienen den Naaru in Shattrath, auch bekannt als die Sha'tar. Rivalen der Seher.",0,0,0,0,0,0,0,0,0,0,0,0,16712190
933,60,2047,0,0,0,0,0,0,0,0,0,0,0,16,0,0,0,980,0,0,7,7,0,0,0,"Das Konsortium",0,0,0,0,0,0,0,0,0,0,0,0,16712190,0,0,0,"Das Konsortium, geführt von Nexusprinz Haramad, ist ein frei gebundenes Kartell von astralen Schmugglern, Händlern und Dieben, die in die Scherbenwelt kamen, um von ihren Schätzen zu profitieren.",0,0,0,0,0,0,0,0,0,0,0,0,16712190
934,62,255,1024,512,0,0,0,0,0,0,4294963796,3500,0,80,80,80,0,936,-1.1,1,7,7,0,0,0,"Die Seher",0,0,0,0,0,0,0,0,0,0,0,0,16712190,0,0,0,"Voren'thal der Seher ist der Anführer der andersdenkenden Blutelfen, die Kael'thas' Weg der Macht abgelehnt haben. Sie haben sich, zu großer Bestürzung der Aldor, mit den Naaru von Shattrath verbündet.",0,0,0,0,0,0,0,0,0,0,0,0,16712190
935,39,1791,0,0,0,0,0,0,0,0,0,0,0,16,0,0,0,936,0.5,0,4,3,0,0,0,"Die Sha'tar",0,0,0,0,0,0,0,0,0,0,0,0,16712190,0,0,0,"Die Sha'tar sind eine Gruppe mächtiger Naaru, die das neu aufgebaute Shattrath regieren. Mit Hilfe der Aldor und der Seher führen sie den Kampf gegen Illidan und die Brennende Legion an.",0,0,0,0,0,0,0,0,0,0,0,0,16712190
936,59,2047,0,0,0,0,0,0,0,0,0,0,0,28,0,0,0,980,0,0,7,7,0,0,0,"Shattrath",0,0,0,0,0,0,0,0,0,0,0,0,16712190,0,0,0,"",0,0,0,0,0,0,0,0,0,0,0,0,16712156
937,4294967295,0,0,0,0,0,0,0,0,0,0,0,0,0,0,0,0,0,1,1,5,5,0,0,0,"Waldtrolle",0,0,0,0,0,0,0,0,0,0,0,0,16712190,0,0,0,"",0,0,0,0,0,0,0,0,0,0,0,0,16712156
938,4294967295,0,0,0,0,0,0,0,0,0,0,0,0,0,0,0,0,0,1,1,5,5,0,0,0,"Die Omenai",0,0,0,0,0,0,0,0,0,0,0,0,16712190,0,0,0,"",0,0,0,0,0,0,0,0,0,0,0,0,16712156
939,4294967295,0,0,0,0,0,0,0,0,0,0,0,0,0,0,0,0,0,1,1,5,5,0,0,0,"DEPRECATED",0,0,0,0,0,0,0,0,0,0,0,0,16712190,0,0,0,"",0,0,0,0,0,0,0,0,0,0,0,0,16712156
940,4294967295,0,0,0,0,0,0,0,0,0,0,0,0,0,0,0,0,0,1,1,5,5,0,0,0,"Die Söhne Lothars",0,0,0,0,0,0,0,0,0,0,0,0,16712190,0,0,0,"",0,0,0,0,0,0,0,0,0,0,0,0,16712156
941,61,690,1101,0,0,0,0,0,0,4294966796,4294925296,0,0,16,6,0,0,980,0,0,5,5,0,0,0,"Die Mag'har",0,0,0,0,0,0,0,0,0,0,0,0,16712190,0,0,0,"Diese zurückgezogene Gruppe braunhäutiger Orcs ist jeglichem Einfluss dämonischer Verderbnis entflohen. Sie behielten angesichts der großen Veränderungen in der Scherbenwelt ihre traditionelle Lebensweise bei.",0,0,0,0,0,0,0,0,0,0,0,0,16712190
942,64,2047,0,0,0,0,0,0,0,0,0,0,0,16,0,0,0,980,0,0,5,5,0,0,0,"Expedition des Cenarius",0,0,0,0,0,0,0,0,0,0,0,0,16712190,0,0,0,"Eine Truppe von Forschern, die vom Zirkel des Cenarius in die Scherbenwelt entsandt wurde, um die dort überlebenden Lebensformen zu untersuchen. Die Expedition hat seit der Öffnung des Dunklen Portals rasch an Größe und Unabhängigkeit gewonnen.",0,0,0,0,0,0,0,0,0,0,0,0,16712190
943,4294967295,0,0,0,0,0,0,0,0,0,0,0,0,0,0,0,0,0,1,1,5,5,0,0,0,"Höllenorc",0,0,0,0,0,0,0,0,0,0,0,0,16712190,0,0,0,"",0,0,0,0,0,0,0,0,0,0,0,0,16712156
944,4294967295,0,0,0,0,0,0,0,0,0,0,0,0,0,0,0,0,0,1,1,5,5,0,0,0,"Höllenorcgeist",0,0,0,0,0,0,0,0,0,0,0,0,16712190,0,0,0,"",0,0,0,0,0,0,0,0,0,0,0,0,16712156
945,4294967295,0,0,0,0,0,0,0,0,0,0,0,0,0,0,0,0,0,1,1,5,5,0,0,0,"Geister der Söhne Lothars",0,0,0,0,0,0,0,0,0,0,0,0,16712190,0,0,0,"",0,0,0,0,0,0,0,0,0,0,0,0,16712156
946,38,1101,690,0,0,0,0,0,0,0,4294925296,0,0,16,0,0,0,980,0,0,5,5,0,0,0,"Ehrenfeste",0,0,0,0,0,0,0,0,0,0,0,0,16712190,0,0,0,"Die noch Verbliebenen der Söhne Lothars, Veteranen der Allianz, die zuerst nach Draenor kamen, haben standhaft an diesem Außenposten der Höllenfeuerhalbinsel festgehalten. Die Armeen von Sturmwind und Eisenschmiede haben sich ihnen jetzt angeschlossen.",0,0,0,0,0,0,0,0,0,0,0,0,16712190
947,37,690,1101,0,0,0,0,0,0,0,4294925296,0,0,16,0,0,0,980,0,0,5,5,0,0,0,"Thrallmar",0,0,0,0,0,0,0,0,0,0,0,0,16712190,0,0,0,"Die Expedition, die von Thrall durch das Dunkle Portal gesandt wurde, hat auf der Höllenfeuerhalbinsel eine Feste errichtet. Thrallmar dient der Horde als Operationsbasis für den Großteil ihrer Aktivitäten in der Scherbenwelt.",0,0,0,0,0,0,0,0,0,0,0,0,16712190
948,86,32767,0,0,0,0,0,0,0,0,0,0,0,8,0,0,0,949,1,1,5,5,0,0,0,"Test Faction 2",0,0,0,0,0,0,0,0,0,0,0,0,16712190,0,0,0,"",0,0,0,0,0,0,0,0,0,0,0,0,16712156
949,85,32767,0,0,0,0,0,0,0,0,0,0,0,24,0,0,0,0,1,1,5,5,0,0,0,"Test Faction 1",0,0,0,0,0,0,0,0,0,0,0,0,16712190,0,0,0,"",0,0,0,0,0,0,0,0,0,0,0,0,16712156
950,4294967295,0,0,0,0,0,0,0,0,0,0,0,0,0,0,0,0,0,1,1,5,5,0,0,0,"ToWoW - Flag",0,0,0,0,0,0,0,0,0,0,0,0,16712190,0,0,0,"",0,0,0,0,0,0,0,0,0,0,0,0,16712156
951,4294967295,0,0,0,0,0,0,0,0,0,0,0,0,0,0,0,0,0,1,1,5,5,0,0,0,"ToWoW - Flag Trigger Alliance (DND)",0,0,0,0,0,0,0,0,0,0,0,0,16712190,0,0,0,"",0,0,0,0,0,0,0,0,0,0,0,0,16712156
952,87,32767,0,0,0,0,0,0,0,0,0,0,0,0,0,0,0,948,1,1,5,5,0,0,0,"Test Faction 3",0,0,0,0,0,0,0,0,0,0,0,0,16712190,0,0,0,"",0,0,0,0,0,0,0,0,0,0,0,0,16712156
953,4294967295,0,0,0,0,0,0,0,0,0,0,0,0,0,0,0,0,0,1,1,5,5,0,0,0,"Test Faction 4",0,0,0,0,0,0,0,0,0,0,0,0,16712190,0,0,0,"",0,0,0,0,0,0,0,0,0,0,0,0,16712156
954,4294967295,0,0,0,0,0,0,0,0,0,0,0,0,0,0,0,0,0,1,1,5,5,0,0,0,"ToWoW - Flag Trigger Horde (DND)",0,0,0,0,0,0,0,0,0,0,0,0,16712190,0,0,0,"",0,0,0,0,0,0,0,0,0,0,0,0,16712156
955,4294967295,0,0,0,0,0,0,0,0,0,0,0,0,0,0,0,0,0,1,1,5,5,0,0,0,"Die Zerschlagenen",0,0,0,0,0,0,0,0,0,0,0,0,16712190,0,0,0,"",0,0,0,0,0,0,0,0,0,0,0,0,16712156
956,4294967295,0,0,0,0,0,0,0,0,0,0,0,0,0,0,0,0,0,1,1,5,5,0,0,0,"Astraleum",0,0,0,0,0,0,0,0,0,0,0,0,16712190,0,0,0,"",0,0,0,0,0,0,0,0,0,0,0,0,16712156
957,4294967295,0,0,0,0,0,0,0,0,0,0,0,0,0,0,0,0,0,1,1,5,5,0,0,0,"Erdelementare",0,0,0,0,0,0,0,0,0,0,0,0,16712190,0,0,0,"",0,0,0,0,0,0,0,0,0,0,0,0,16712156
958,4294967295,0,0,0,0,0,0,0,0,0,0,0,0,0,0,0,0,0,1,1,5,5,0,0,0,"Kampfroboter",0,0,0,0,0,0,0,0,0,0,0,0,16712190,0,0,0,"",0,0,0,0,0,0,0,0,0,0,0,0,16712156
959,4294967295,0,0,0,0,0,0,0,0,0,0,0,0,0,0,0,0,0,1,1,5,5,0,0,0,"Guter Darsteller",0,0,0,0,0,0,0,0,0,0,0,0,16712190,0,0,0,"",0,0,0,0,0,0,0,0,0,0,0,0,16712156
960,4294967295,0,0,0,0,0,0,0,0,0,0,0,0,0,0,0,0,0,1,1,5,5,0,0,0,"Böser Darsteller",0,0,0,0,0,0,0,0,0,0,0,0,16712190,0,0,0,"",0,0,0,0,0,0,0,0,0,0,0,0,16712156
961,4294967295,0,0,0,0,0,0,0,0,0,0,0,0,0,0,0,0,0,1,1,5,5,0,0,0,"Furbolg der Tannenruhfeste",0,0,0,0,0,0,0,0,0,0,0,0,16712190,0,0,0,"",0,0,0,0,0,0,0,0,0,0,0,0,16712156
962,4294967295,0,0,0,0,0,0,0,0,0,0,0,0,0,0,0,0,0,1,1,5,5,0,0,0,"Wahnsinniger Eulkin",0,0,0,0,0,0,0,0,0,0,0,0,16712190,0,0,0,"",0,0,0,0,0,0,0,0,0,0,0,0,16712156
963,4294967295,0,0,0,0,0,0,0,0,0,0,0,0,0,0,0,0,0,1,1,5,5,0,0,0,"Schach Allianz",0,0,0,0,0,0,0,0,0,0,0,0,16712190,0,0,0,"",0,0,0,0,0,0,0,0,0,0,0,0,16712156
964,4294967295,0,0,0,0,0,0,0,0,0,0,0,0,0,0,0,0,0,1,1,5,5,0,0,0,"Schach Horde",0,0,0,0,0,0,0,0,0,0,0,0,16712190,0,0,0,"",0,0,0,0,0,0,0,0,0,0,0,0,16712156
965,4294967295,0,0,0,0,0,0,0,0,0,0,0,0,0,0,0,0,0,1,1,5,5,0,0,0,"Monster Spar",0,0,0,0,0,0,0,0,0,0,0,0,16712190,0,0,0,"",0,0,0,0,0,0,0,0,0,0,0,0,16712156
966,4294967295,0,0,0,0,0,0,0,0,0,0,0,0,0,0,0,0,0,1,1,5,5,0,0,0,"Monster Spar Buddy",0,0,0,0,0,0,0,0,0,0,0,0,16712190,0,0,0,"",0,0,0,0,0,0,0,0,0,0,0,0,16712156
967,63,4095,0,0,0,0,0,0,0,0,0,0,0,16,0,0,0,980,0,0,5,5,0,0,0,"Das Violette Auge",0,0,0,0,0,0,0,0,0,0,0,0,16712190,0,0,0,"Eine geheime Sekte der Kirin Tor, die gegründet wurde, um Medivh und seine Arbeit auszuspionieren.",0,0,0,0,0,0,0,0,0,0,0,0,16712190
968,4294967295,0,0,0,0,0,0,0,0,0,0,0,0,0,0,0,0,0,1,1,5,5,0,0,0,"Sonnenfalken",0,0,0,0,0,0,0,0,0,0,0,0,16712190,0,0,0,"",0,0,0,0,0,0,0,0,0,0,0,0,16712156
969,4294967295,0,0,0,0,0,0,0,0,0,0,0,0,0,0,0,0,0,1,1,5,5,0,0,0,"Hand von Argus",0,0,0,0,0,0,0,0,0,0,0,0,16712190,0,0,0,"",0,0,0,0,0,0,0,0,0,0,0,0,16712156
970,65,2047,0,0,0,0,0,0,0,4294964796,0,0,0,0,0,0,0,980,0,0,5,5,0,0,0,"Sporeggar",0,0,0,0,0,0,0,0,0,0,0,0,16712190,0,0,0,"Die Sporlinge sind ein vornehmlich friedfertiges Volk von Pilzwesen, das in der Scherbenwelt heimisch ist. Ihre Heimstätte liegt in den südlichen Sümpfen der Zangarmarschen.",0,0,0,0,0,0,0,0,0,0,0,0,16712190
971,4294967295,0,0,0,0,0,0,0,0,0,0,0,0,0,0,0,0,0,1,1,5,5,0,0,0,"Fungusgigant",0,0,0,0,0,0,0,0,0,0,0,0,16712190,0,0,0,"",0,0,0,0,0,0,0,0,0,0,0,0,16712156
972,4294967295,0,0,0,0,0,0,0,0,0,0,0,0,0,0,0,0,0,1,1,5,5,0,0,0,"Sporensegler",0,0,0,0,0,0,0,0,0,0,0,0,16712190,0,0,0,"",0,0,0,0,0,0,0,0,0,0,0,0,16712156
973,4294967295,0,0,0,0,0,0,0,0,0,0,0,0,0,0,0,0,0,1,1,5,5,0,0,0,"Monster, Raubtier",0,0,0,0,0,0,0,0,0,0,0,0,16712190,0,0,0,"",0,0,0,0,0,0,0,0,0,0,0,0,16712156
974,4294967295,0,0,0,0,0,0,0,0,0,0,0,0,0,0,0,0,0,1,1,5,5,0,0,0,"Monster, Beute",0,0,0,0,0,0,0,0,0,0,0,0,16712190,0,0,0,"",0,0,0,0,0,0,0,0,0,0,0,0,16712156
975,4294967295,0,0,0,0,0,0,0,0,0,0,0,0,0,0,0,0,0,1,1,5,5,0,0,0,"Anomalie der Leere",0,0,0,0,0,0,0,0,0,0,0,0,16712190,0,0,0,"",0,0,0,0,0,0,0,0,0,0,0,0,16712156
976,4294967295,0,0,0,0,0,0,0,0,0,0,0,0,0,0,0,0,0,1,1,5,5,0,0,0,"Verteidiger von Hyjal",0,0,0,0,0,0,0,0,0,0,0,0,16712190,0,0,0,"",0,0,0,0,0,0,0,0,0,0,0,0,16712156
977,4294967295,0,0,0,0,0,0,0,0,0,0,0,0,0,0,0,0,0,1,1,5,5,0,0,0,"Invasoren von Hyjal",0,0,0,0,0,0,0,0,0,0,0,0,16712190,0,0,0,"",0,0,0,0,0,0,0,0,0,0,0,0,16712156
978,66,1101,690,0,0,0,0,0,0,4294966096,4294925296,0,0,16,0,0,0,980,0,0,5,5,0,0,0,"Kurenai",0,0,0,0,0,0,0,0,0,0,0,0,16712190,0,0,0,"Draeneiisch für "erlöst". Diese Zerschlagenen konnten aus den Fängen ihrer Unterdrücker in der Scherbenwelt entfliehen und haben in Nagrand ihre neue Heimat gefunden. Dort versuchen sie nun, ihr Schicksal aufs Neue zu entdecken.",0,0,0,0,0,0,0,0,0,0,0,0,16712190
979,4294967295,0,0,0,0,0,0,0,0,0,0,0,0,0,0,0,0,0,1,1,5,5,0,0,0,"Irdener Ring",0,0,0,0,0,0,0,0,0,0,0,0,16712190,0,0,0,"",0,0,0,0,0,0,0,0,0,0,0,0,16712156
980,43,0,0,0,0,0,0,0,0,0,0,0,0,24,0,0,0,0,0,0,5,5,0,0,0,"The Burning Crusade",0,0,0,0,0,0,0,0,0,0,0,0,16712190,0,0,0,"",0,0,0,0,0,0,0,0,0,0,0,0,16712156
981,4294967295,0,0,0,0,0,0,0,0,0,0,0,0,0,0,0,0,0,1,1,5,5,0,0,0,"Arakkoa",0,0,0,0,0,0,0,0,0,0,0,0,16712190,0,0,0,"",0,0,0,0,0,0,0,0,0,0,0,0,16712156
982,4294967295,0,0,0,0,0,0,0,0,0,0,0,0,0,0,0,0,0,1,1,5,5,0,0,0,"Banner der Zangarmarschen (Allianz)",0,0,0,0,0,0,0,0,0,0,0,0,16712190,0,0,0,"",0,0,0,0,0,0,0,0,0,0,0,0,16712156
983,4294967295,0,0,0,0,0,0,0,0,0,0,0,0,0,0,0,0,0,1,1,5,5,0,0,0,"Banner der Zangarmarschen (Horde)",0,0,0,0,0,0,0,0,0,0,0,0,16712190,0,0,0,"",0,0,0,0,0,0,0,0,0,0,0,0,16712156
984,4294967295,0,0,0,0,0,0,0,0,0,0,0,0,0,0,0,0,0,1,1,5,5,0,0,0,"Banner der Zangarmarschen (Neutral)",0,0,0,0,0,0,0,0,0,0,0,0,16712190,0,0,0,"",0,0,0,0,0,0,0,0,0,0,0,0,16712156
985,4294967295,0,0,0,0,0,0,0,0,0,0,0,0,0,0,0,0,0,1,1,5,5,0,0,0,"Höhlen der Zeit - Thrall",0,0,0,0,0,0,0,0,0,0,0,0,16712190,0,0,0,"",0,0,0,0,0,0,0,0,0,0,0,0,16712156
986,4294967295,0,0,0,0,0,0,0,0,0,0,0,0,0,0,0,0,0,1,1,5,5,0,0,0,"Höhlen der Zeit - Durnholde",0,0,0,0,0,0,0,0,0,0,0,0,16712190,0,0,0,"",0,0,0,0,0,0,0,0,0,0,0,0,16712156
987,4294967295,0,0,0,0,0,0,0,0,0,0,0,0,0,0,0,0,0,1,1,5,5,0,0,0,"Höhlen der Zeit - Wachen von Süderstade",0,0,0,0,0,0,0,0,0,0,0,0,16712190,0,0,0,"",0,0,0,0,0,0,0,0,0,0,0,0,16712156
988,4294967295,0,0,0,0,0,0,0,0,0,0,0,0,0,0,0,0,0,1,1,5,5,0,0,0,"Agent des Schattenrats",0,0,0,0,0,0,0,0,0,0,0,0,16712190,0,0,0,"",0,0,0,0,0,0,0,0,0,0,0,0,16712156
989,67,1791,0,0,0,0,0,0,0,0,0,0,0,16,0,0,0,980,0,0,5,5,0,0,0,"Hüter der Zeit",0,0,0,0,0,0,0,0,0,0,0,0,16712190,0,0,0,"Die Hüter der Zeit sind von Nozdormu höchstpersönlich ausgesuchte bronzene Drachen, die über die Höhlen der Zeit wachen.",0,0,0,0,0,0,0,0,0,0,0,0,16712190
990,57,1791,0,0,0,0,0,0,0,0,0,0,0,16,0,0,0,980,0,0,5,5,0,0,0,"Die Wächter der Sande",0,0,0,0,0,0,0,0,0,0,0,0,16712190,0,0,0,"Eine geheime Gruppierung des bronzenen Drachenschwarms, angeführt von Soridormi, Nozdormus Hauptgefährtin.",0,0,0,0,0,0,0,0,0,0,0,0,16712190
991,4294967295,0,0,0,0,0,0,0,0,0,0,0,0,0,0,0,0,0,1,1,5,5,0,0,0,"Verteidiger des Dunklen Portals, Allianz",0,0,0,0,0,0,0,0,0,0,0,0,16712190,0,0,0,"",0,0,0,0,0,0,0,0,0,0,0,0,16712156
992,4294967295,0,0,0,0,0,0,0,0,0,0,0,0,0,0,0,0,0,1,1,5,5,0,0,0,"Verteidiger des Dunklen Portals, Horde",0,0,0,0,0,0,0,0,0,0,0,0,16712190,0,0,0,"",0,0,0,0,0,0,0,0,0,0,0,0,16712156
993,4294967295,0,0,0,0,0,0,0,0,0,0,0,0,0,0,0,0,0,1,1,5,5,0,0,0,"Angreifer des Dunklen Portals, Legion",0,0,0,0,0,0,0,0,0,0,0,0,16712190,0,0,0,"",0,0,0,0,0,0,0,0,0,0,0,0,16712156
994,4294967295,0,0,0,0,0,0,0,0,0,0,0,0,0,0,0,0,0,1,1,5,5,0,0,0,"Hetzerauslöser",0,0,0,0,0,0,0,0,0,0,0,0,16712190,0,0,0,"Verwendet für das Ereignis Schwarzherz der Hetzer.",0,0,0,0,0,0,0,0,0,0,0,0,16712190
995,4294967295,0,0,0,0,0,0,0,0,0,0,0,0,0,0,0,0,0,1,1,5,5,0,0,0,"Animationsauslöser 2",0,0,0,0,0,0,0,0,0,0,0,0,16712190,0,0,0,"Verwendet für das Ereignis Schwarzherz der Hetzer.",0,0,0,0,0,0,0,0,0,0,0,0,16712190
996,4294967295,0,0,0,0,0,0,0,0,0,0,0,0,0,0,0,0,0,1,1,5,5,0,0,0,"Animationsauslöser 3",0,0,0,0,0,0,0,0,0,0,0,0,16712190,0,0,0,"Verwendet für das Ereignis Schwarzherz der Hetzer.",0,0,0,0,0,0,0,0,0,0,0,0,16712190
997,4294967295,0,0,0,0,0,0,0,0,0,0,0,0,0,0,0,0,0,1,1,5,5,0,0,0,"Animationsauslöser 4",0,0,0,0,0,0,0,0,0,0,0,0,16712190,0,0,0,"Verwendet für das Ereignis Schwarzherz der Hetzer.",0,0,0,0,0,0,0,0,0,0,0,0,16712190
998,4294967295,0,0,0,0,0,0,0,0,0,0,0,0,0,0,0,0,0,1,1,5,5,0,0,0,"Animationsauslöser 5",0,0,0,0,0,0,0,0,0,0,0,0,16712190,0,0,0,"Verwendet für das Ereignis Schwarzherz der Hetzer.",0,0,0,0,0,0,0,0,0,0,0,0,16712190
999,4294967295,0,0,0,0,0,0,0,0,0,0,0,0,0,0,0,0,0,1,1,5,5,0,0,0,"Manakreatur",0,0,0,0,0,0,0,0,0,0,0,0,16712190,0,0,0,"",0,0,0,0,0,0,0,0,0,0,0,0,16712156
1000,4294967295,0,0,0,0,0,0,0,0,0,0,0,0,0,0,0,0,0,1,1,5,5,0,0,0,"Khadgars Diener",0,0,0,0,0,0,0,0,0,0,0,0,16712190,0,0,0,"",0,0,0,0,0,0,0,0,0,0,0,0,16712156
1001,4294967295,0,0,0,0,0,0,0,0,0,0,0,0,0,0,0,0,0,1,1,5,5,0,0,0,"Klan der Speerspießer",0,0,0,0,0,0,0,0,0,0,0,0,16712190,0,0,0,"",0,0,0,0,0,0,0,0,0,0,0,0,16712156
1002,4294967295,0,0,0,0,0,0,0,0,0,0,0,0,0,0,0,0,0,1,1,5,5,0,0,0,"Sparringspartner des Astraleums",0,0,0,0,0,0,0,0,0,0,0,0,16712190,0,0,0,"",0,0,0,0,0,0,0,0,0,0,0,0,16712156
1003,4294967295,0,0,0,0,0,0,0,0,0,0,0,0,0,0,0,0,0,1,1,5,5,0,0,0,"Protektorat",0,0,0,0,0,0,0,0,0,0,0,0,16712190,0,0,0,"",0,0,0,0,0,0,0,0,0,0,0,0,16712156
1004,4294967295,0,0,0,0,0,0,0,0,0,0,0,0,0,0,0,0,0,1,1,5,5,0,0,0,"Arkanvernichter (DNR)",0,0,0,0,0,0,0,0,0,0,0,0,16712190,0,0,0,"",0,0,0,0,0,0,0,0,0,0,0,0,16712156
1005,68,32767,0,0,0,1503,0,0,0,3000,0,0,0,4,0,0,0,0,1,1,5,5,0,0,0,"Befreundet, versteckt",0,0,0,0,0,0,0,0,0,0,0,0,16712190,0,0,0,"",0,0,0,0,0,0,0,0,0,0,0,0,16712156
1006,4294967295,0,0,0,0,0,0,0,0,0,0,0,0,0,0,0,0,0,1,1,5,5,0,0,0,"Kirin'Var - Dathric",0,0,0,0,0,0,0,0,0,0,0,0,16712190,0,0,0,"",0,0,0,0,0,0,0,0,0,0,0,0,16712156
1007,4294967295,0,0,0,0,0,0,0,0,0,0,0,0,0,0,0,0,0,1,1,5,5,0,0,0,"Kirin'Var - Belmara",0,0,0,0,0,0,0,0,0,0,0,0,16712190,0,0,0,"",0,0,0,0,0,0,0,0,0,0,0,0,16712156
1008,4294967295,0,0,0,0,0,0,0,0,0,0,0,0,0,0,0,0,0,1,1,5,5,0,0,0,"Kirin'Var - Luminrath",0,0,0,0,0,0,0,0,0,0,0,0,16712190,0,0,0,"",0,0,0,0,0,0,0,0,0,0,0,0,16712156
1009,4294967295,0,0,0,0,0,0,0,0,0,0,0,0,0,0,0,0,0,1,1,5,5,0,0,0,"Kirin'Var - Cohlien",0,0,0,0,0,0,0,0,0,0,0,0,16712190,0,0,0,"",0,0,0,0,0,0,0,0,0,0,0,0,16712156
1010,4294967295,0,0,0,0,0,0,0,0,0,0,0,0,0,0,0,0,0,1,1,5,5,0,0,0,"Illidans Diener",0,0,0,0,0,0,0,0,0,0,0,0,16712190,0,0,0,"",0,0,0,0,0,0,0,0,0,0,0,0,16712156
1011,69,32767,0,0,0,1535,0,0,0,0,0,0,0,16,0,0,0,936,0,0,3,3,0,0,0,"Unteres Viertel",0,0,0,0,0,0,0,0,0,0,0,0,16712190,0,0,0,"Die Flüchtlinge von Shattrath entstammen den verschiedensten Verhältnissen und Völkern. Die Kunde guter Taten verbreitet sich rasch unter den Bewohnern des unteren Viertels.",0,0,0,0,0,0,0,0,0,0,0,0,16712190
1012,70,1791,0,0,0,0,0,0,0,0,0,0,0,16,0,0,0,980,0,0,3,3,0,0,0,"Die Todeshörigen",0,0,0,0,0,0,0,0,0,0,0,0,16712190,0,0,0,"Die Elite des Stammes der Zerschlagenen, bekannt als Aschenzungen, hat sich offiziell mit Illidan verbündet. Die Todeshörigen sind Akamas zuverlässigste Leutnants und in die geheimnisvollen Absichten ihres Anführers eingeweiht.",0,0,0,0,0,0,0,0,0,0,0,0,16712190
1013,4294967295,0,0,0,0,0,0,0,0,0,0,0,0,0,0,0,0,0,1,1,5,5,0,0,0,"Geister von Schattenmond 1",0,0,0,0,0,0,0,0,0,0,0,0,16712190,0,0,0,"",0,0,0,0,0,0,0,0,0,0,0,0,16712156
1014,4294967295,0,0,0,0,0,0,0,0,0,0,0,0,0,0,0,0,0,1,1,5,5,0,0,0,"Geister von Schattenmond 2",0,0,0,0,0,0,0,0,0,0,0,0,16712190,0,0,0,"",0,0,0,0,0,0,0,0,0,0,0,0,16712156
1015,71,1791,0,0,0,1535,0,0,0,4294925296,0,0,0,2,0,0,0,980,0,0,5,5,0,0,0,"Netherschwingen",0,0,0,0,0,0,0,0,0,0,0,0,16712190,0,0,0,"Diese ungewöhnlichen Drachen entsprangen Todesschwinges schwarzer Drachenbrut und wurden mit rohen Netherenergien erfüllt. Sie suchen nun nach ihrer Identität jenseits des Schattens, den das Erbe ihres zerstörerischen Vaters auf sie warf.",0,0,0,0,0,0,0,0,0,0,0,0,16712190
1016,4294967295,0,0,0,0,0,0,0,0,0,0,0,0,0,0,0,0,0,1,1,5,5,0,0,0,"Wyrmkult",0,0,0,0,0,0,0,0,0,0,0,0,16712190,0,0,0,"",0,0,0,0,0,0,0,0,0,0,0,0,16712156
1017,4294967295,0,0,0,0,0,0,0,0,0,0,0,0,0,0,0,0,0,1,1,5,5,0,0,0,"Treant",0,0,0,0,0,0,0,0,0,0,0,0,16712190,0,0,0,"",0,0,0,0,0,0,0,0,0,0,0,0,16712156
1018,4294967295,0,0,0,0,0,0,0,0,0,0,0,0,0,0,0,0,0,1,1,5,5,0,0,0,"Leotherasdämon I",0,0,0,0,0,0,0,0,0,0,0,0,16712190,0,0,0,"",0,0,0,0,0,0,0,0,0,0,0,0,16712156
1019,4294967295,0,0,0,0,0,0,0,0,0,0,0,0,0,0,0,0,0,1,1,5,5,0,0,0,"Leotherasdämon II",0,0,0,0,0,0,0,0,0,0,0,0,16712190,0,0,0,"",0,0,0,0,0,0,0,0,0,0,0,0,16712156
1020,4294967295,0,0,0,0,0,0,0,0,0,0,0,0,0,0,0,0,0,1,1,5,5,0,0,0,"Leotherasdämon III",0,0,0,0,0,0,0,0,0,0,0,0,16712190,0,0,0,"",0,0,0,0,0,0,0,0,0,0,0,0,16712156
1021,4294967295,0,0,0,0,0,0,0,0,0,0,0,0,0,0,0,0,0,1,1,5,5,0,0,0,"Leotherasdämon IV",0,0,0,0,0,0,0,0,0,0,0,0,16712190,0,0,0,"",0,0,0,0,0,0,0,0,0,0,0,0,16712156
1022,4294967295,0,0,0,0,0,0,0,0,0,0,0,0,0,0,0,0,0,1,1,5,5,0,0,0,"Leotherasdämon V",0,0,0,0,0,0,0,0,0,0,0,0,16712190,0,0,0,"",0,0,0,0,0,0,0,0,0,0,0,0,16712156
1023,4294967295,0,0,0,0,0,0,0,0,0,0,0,0,0,0,0,0,0,1,1,5,5,0,0,0,"Azaloth",0,0,0,0,0,0,0,0,0,0,0,0,16712190,0,0,0,"",0,0,0,0,0,0,0,0,0,0,0,0,16712156
1024,4294967295,0,0,0,0,0,0,0,0,0,0,0,0,0,0,0,0,0,1,1,5,5,0,0,0,"Felsklaue",0,0,0,0,0,0,0,0,0,0,0,0,16712190,0,0,0,"",0,0,0,0,0,0,0,0,0,0,0,0,16712156
1025,4294967295,0,0,0,0,0,0,0,0,0,0,0,0,0,0,0,0,0,1,1,5,5,0,0,0,"Klauenjäger",0,0,0,0,0,0,0,0,0,0,0,0,16712190,0,0,0,"",0,0,0,0,0,0,0,0,0,0,0,0,16712156
1026,4294967295,0,0,0,0,0,0,0,0,0,0,0,0,0,0,0,0,0,1,1,5,5,0,0,0,"Schattenmondschemen",0,0,0,0,0,0,0,0,0,0,0,0,16712190,0,0,0,"",0,0,0,0,0,0,0,0,0,0,0,0,16712156
1027,4294967295,0,0,0,0,0,0,0,0,0,0,0,0,0,0,0,0,0,1,1,5,5,0,0,0,"Legionskommunikator",0,0,0,0,0,0,0,0,0,0,0,0,16712190,0,0,0,"",0,0,0,0,0,0,0,0,0,0,0,0,16712156
1028,4294967295,0,0,0,0,0,0,0,0,0,0,0,0,0,0,0,0,0,1,1,5,5,0,0,0,"Uralte des Rabenwalds",0,0,0,0,0,0,0,0,0,0,0,0,16712190,0,0,0,"",0,0,0,0,0,0,0,0,0,0,0,0,16712156
1029,4294967295,0,0,0,0,0,0,0,0,0,0,0,0,0,0,0,0,0,1,1,5,5,0,0,0,"Schach - Freundlich zu allen Schach",0,0,0,0,0,0,0,0,0,0,0,0,16712190,0,0,0,"",0,0,0,0,0,0,0,0,0,0,0,0,16712156
1030,4294967295,0,0,0,0,0,0,0,0,0,0,0,0,0,0,0,0,0,1,1,5,5,0,0,0,"Tore des Schwarzen Tempels - Illidari",0,0,0,0,0,0,0,0,0,0,0,0,16712190,0,0,0,"",0,0,0,0,0,0,0,0,0,0,0,0,16712156
1031,72,1791,0,0,0,1535,0,0,0,0,0,0,0,16,0,0,0,936,0,0,5,5,0,0,0,"Himmelswache der Sha'tari",0,0,0,0,0,0,0,0,0,0,0,0,16712190,0,0,0,"Eine von Shattrath aufgestellte Luftstreitmacht, die sich der Bedrohungen in den äußeren Regionen der Scherbenwelt annimmt.",0,0,0,0,0,0,0,0,0,0,0,0,16712190
1032,4294967295,0,0,0,0,0,0,0,0,0,0,0,0,0,0,0,0,0,1,1,5,5,0,0,0,"Area 52",0,0,0,0,0,0,0,0,0,0,0,0,16712190,0,0,0,"",0,0,0,0,0,0,0,0,0,0,0,0,16712156
1033,4294967295,0,0,0,0,0,0,0,0,0,0,0,0,0,0,0,0,0,1,1,5,5,0,0,0,"Maiev",0,0,0,0,0,0,0,0,0,0,0,0,16712190,0,0,0,"",0,0,0,0,0,0,0,0,0,0,0,0,16712156
1034,4294967295,0,0,0,0,0,0,0,0,0,0,0,0,0,0,0,0,0,1,1,5,5,0,0,0,"Schattenhafter Arakkoa von Skettis",0,0,0,0,0,0,0,0,0,0,0,0,16712190,0,0,0,"",0,0,0,0,0,0,0,0,0,0,0,0,16712156
1035,4294967295,0,0,0,0,0,0,0,0,0,0,0,0,0,0,0,0,0,1,1,5,5,0,0,0,"Arakkoa von Skettis",0,0,0,0,0,0,0,0,0,0,0,0,16712190,0,0,0,"",0,0,0,0,0,0,0,0,0,0,0,0,16712156
1036,4294967295,0,0,0,0,0,0,0,0,0,0,0,0,0,0,0,0,0,1,1,5,5,0,0,0,"Drachenmalgegner",0,0,0,0,0,0,0,0,0,0,0,0,16712190,0,0,0,"",0,0,0,0,0,0,0,0,0,0,0,0,16712156
1037,88,1101,690,0,0,0,0,0,0,0,0,0,0,136,6,0,0,1097,0,0,5,5,0,0,0,"Vorposten der Allianz",0,0,0,0,0,0,0,0,0,0,0,0,16712190,0,0,0,"Die vereinten Streitkräfte der Allianz, angeführt von der Expedition Valianz. Dazu gehören aber auch zivile Gruppen so wie die Forscherliga.",0,0,0,0,0,0,0,0,0,0,0,0,16712190
1038,73,1791,0,0,0,0,0,0,0,0,0,0,0,16,0,0,0,980,0,0,5,5,0,0,0,"Ogri'la",0,0,0,0,0,0,0,0,0,0,0,0,16712190,0,0,0,"Die erleuchteten Bewohner von Ogri'la haben sich im Westen des Schergrats angesiedelt, wo sie sich auf Grund der Nähe zu den Apexiskristallen über ihre unzivilisierte Ogernatur hinaus entwickelt haben.",0,0,0,0,0,0,0,0,0,0,0,0,16712190
1039,4294967295,0,0,0,0,0,0,0,0,0,0,0,0,0,0,0,0,0,1,1,5,5,0,0,0,"Felshetzer",0,0,0,0,0,0,0,0,0,0,0,0,16712190,0,0,0,"",0,0,0,0,0,0,0,0,0,0,0,0,16712156
1040,4294967295,0,0,0,0,0,0,0,0,0,0,0,0,0,0,0,0,0,1,1,5,5,0,0,0,"REUSE",0,0,0,0,0,0,0,0,0,0,0,0,16712190,0,0,0,"",0,0,0,0,0,0,0,0,0,0,0,0,16712156
1041,4294967295,0,0,0,0,0,0,0,0,0,0,0,0,0,0,0,0,0,1,1,5,5,0,0,0,"Frenzy",0,0,0,0,0,0,0,0,0,0,0,0,16712190,0,0,0,"",0,0,0,0,0,0,0,0,0,0,0,0,16712156
1042,4294967295,0,0,0,0,0,0,0,0,0,0,0,0,0,0,0,0,0,1,1,5,5,0,0,0,"Feinde der Himmelswache",0,0,0,0,0,0,0,0,0,0,0,0,16712190,0,0,0,"",0,0,0,0,0,0,0,0,0,0,0,0,16712156
1043,4294967295,0,0,0,0,0,0,0,0,0,0,0,0,0,0,0,0,0,1,1,5,5,0,0,0,"Stinktier, violett",0,0,0,0,0,0,0,0,0,0,0,0,16712190,0,0,0,"",0,0,0,0,0,0,0,0,0,0,0,0,16712156
1044,4294967295,0,0,0,0,0,0,0,0,0,0,0,0,0,0,0,0,0,1,1,5,5,0,0,0,"Deserteur von Theramore",0,0,0,0,0,0,0,0,0,0,0,0,16712190,0,0,0,"",0,0,0,0,0,0,0,0,0,0,0,0,16712156
1045,4294967295,0,0,0,0,0,0,0,0,0,0,0,0,0,0,0,0,0,1,1,5,5,0,0,0,"Vrykul",0,0,0,0,0,0,0,0,0,0,0,0,16712190,0,0,0,"",0,0,0,0,0,0,0,0,0,0,0,0,16712156
1046,4294967295,0,0,0,0,0,0,0,0,0,0,0,0,0,0,0,0,0,1,1,5,5,0,0,0,"Piraten des Nordmeeres",0,0,0,0,0,0,0,0,0,0,0,0,16712190,0,0,0,"",0,0,0,0,0,0,0,0,0,0,0,0,16712156
1047,4294967295,0,0,0,0,0,0,0,0,0,0,0,0,0,0,0,0,0,1,1,5,5,0,0,0,"Tuskarr",0,0,0,0,0,0,0,0,0,0,0,0,16712190,0,0,0,"",0,0,0,0,0,0,0,0,0,0,0,0,16712156
1048,4294967295,0,0,0,0,0,0,0,0,0,0,0,0,0,0,0,0,0,1,1,5,5,0,0,0,"UNUSED",0,0,0,0,0,0,0,0,0,0,0,0,16712190,0,0,0,"",0,0,0,0,0,0,0,0,0,0,0,0,16712156
1049,4294967295,0,0,0,0,0,0,0,0,0,0,0,0,0,0,0,0,0,1,1,5,5,0,0,0,"Troll, Amani",0,0,0,0,0,0,0,0,0,0,0,0,16712190,0,0,0,"",0,0,0,0,0,0,0,0,0,0,0,0,16712156
1050,74,1101,690,0,0,0,0,0,0,0,4294925296,0,0,16,6,0,0,1037,0.5,0.5,7,7,0,0,0,"Expedition Valianz",0,0,0,0,0,0,0,0,0,0,0,0,16712190,0,0,0,"Die Hauptarmeen der Allianz in Nordend, die gemeinsam unter der Führung von König Varian Wrynn gegen die Geißel ins Feld ziehen.",0,0,0,0,0,0,0,0,0,0,0,0,16712190
1051,4294967295,0,0,0,0,0,0,0,0,0,0,0,0,0,0,0,0,0,1,1,5,5,0,0,0,"UNUSED",0,0,0,0,0,0,0,0,0,0,0,0,16712190,0,0,0,"",0,0,0,0,0,0,0,0,0,0,0,0,16712156
1052,75,690,1101,0,0,0,0,0,0,0,4294925296,0,0,144,0,0,0,1097,0,0,5,5,0,0,0,"Expedition der Horde",0,0,0,0,0,0,0,0,0,0,0,0,16712190,0,0,0,"Die vereinten Streitkräfte der Horde in Nordend, angeführt von der Kriegshymnenoffensive.",0,0,0,0,0,0,0,0,0,0,0,0,16712190
1053,4294967295,0,0,0,0,0,0,0,0,0,0,0,0,0,0,0,0,0,1,1,5,5,0,0,0,"Westwacht",0,0,0,0,0,0,0,0,0,0,0,0,16712190,0,0,0,"",0,0,0,0,0,0,0,0,0,0,0,0,16712156
1054,4294967295,0,0,0,0,0,0,0,0,0,0,0,0,0,0,0,0,0,1,1,5,5,0,0,0,"Gefleckter Greif",0,0,0,0,0,0,0,0,0,0,0,0,16712190,0,0,0,"",0,0,0,0,0,0,0,0,0,0,0,0,16712156
1055,4294967295,0,0,0,0,0,0,0,0,0,0,0,0,0,0,0,0,0,1,1,5,5,0,0,0,"Gezähmter Seuchenhund",0,0,0,0,0,0,0,0,0,0,0,0,16712190,0,0,0,"",0,0,0,0,0,0,0,0,0,0,0,0,16712156
1056,4294967295,0,0,0,0,0,0,0,0,0,0,0,0,0,0,0,0,0,1,1,5,5,0,0,0,"Vrykul (Uralter Geist 1)",0,0,0,0,0,0,0,0,0,0,0,0,16712190,0,0,0,"",0,0,0,0,0,0,0,0,0,0,0,0,16712156
1057,4294967295,0,0,0,0,0,0,0,0,0,0,0,0,0,0,0,0,0,1,1,5,5,0,0,0,"Vrykul (Uralter Geist 2)",0,0,0,0,0,0,0,0,0,0,0,0,16712190,0,0,0,"",0,0,0,0,0,0,0,0,0,0,0,0,16712156
1058,4294967295,0,0,0,0,0,0,0,0,0,0,0,0,0,0,0,0,0,1,1,5,5,0,0,0,"Vrykul (Uralter Geist 3)",0,0,0,0,0,0,0,0,0,0,0,0,16712190,0,0,0,"",0,0,0,0,0,0,0,0,0,0,0,0,16712156
1059,4294967295,0,0,0,0,0,0,0,0,0,0,0,0,0,0,0,0,0,1,1,5,5,0,0,0,"CTF - Flagge - Allianz",0,0,0,0,0,0,0,0,0,0,0,0,16712190,0,0,0,"",0,0,0,0,0,0,0,0,0,0,0,0,16712156
1060,4294967295,0,0,0,0,0,0,0,0,0,0,0,0,0,0,0,0,0,1,1,5,5,0,0,0,"Test",0,0,0,0,0,0,0,0,0,0,0,0,16712190,0,0,0,"",0,0,0,0,0,0,0,0,0,0,0,0,16712156
1061,4294967295,0,0,0,0,0,0,0,0,0,0,0,0,0,0,0,0,0,1,1,5,5,0,0,0,"Vrykul",0,0,0,0,0,0,0,0,0,0,0,0,16712190,0,0,0,"",0,0,0,0,0,0,0,0,0,0,0,0,16712156
1062,4294967295,0,0,0,0,0,0,0,0,0,0,0,0,0,0,0,0,0,1,1,5,5,0,0,0,"Gladiator der Vrykul",0,0,0,0,0,0,0,0,0,0,0,0,16712190,0,0,0,"",0,0,0,0,0,0,0,0,0,0,0,0,16712156
1063,4294967295,0,0,0,0,0,0,0,0,0,0,0,0,0,0,0,0,0,1,1,5,5,0,0,0,"Kämpfer von Valgarde",0,0,0,0,0,0,0,0,0,0,0,0,16712190,0,0,0,"",0,0,0,0,0,0,0,0,0,0,0,0,16712156
1064,76,690,1101,0,0,0,0,0,0,0,4294925296,0,0,16,6,0,0,1052,0.5,0.5,7,7,0,0,0,"Die Taunka",0,0,0,0,0,0,0,0,0,0,0,0,16712190,0,0,0,"Bei diesem zähen Volk handelt es sich um Verwandte der Tauren. Sie sind zu wertvollen Spähern der Armeen der Horde auf ihrem Marsch gen Norden geworden.",0,0,0,0,0,0,0,0,0,0,0,0,16712190
1065,4294967295,0,0,0,0,0,0,0,0,0,0,0,0,0,0,0,0,0,1,1,5,5,0,0,0,"Monster, Zone Force Reaction 1",0,0,0,0,0,0,0,0,0,0,0,0,16712190,0,0,0,"",0,0,0,0,0,0,0,0,0,0,0,0,16712156
1066,4294967295,0,0,0,0,0,0,0,0,0,0,0,0,0,0,0,0,0,1,1,5,5,0,0,0,"Monster, Zone Force Reaction 2",0,0,0,0,0,0,0,0,0,0,0,0,16712190,0,0,0,"",0,0,0,0,0,0,0,0,0,0,0,0,16712156
1067,77,690,1101,0,0,0,0,0,0,0,4294925296,0,0,16,0,0,0,1052,0.5,0.5,7,7,0,0,0,"Die Hand der Rache",0,0,0,0,0,0,0,0,0,0,0,0,16712190,0,0,0,"Eine Gruppe der Verlassenen, die von Sylvanas Windläufer damit beauftragt wurden, im Namen von Unterstadt Vergeltung an Arthas auszuüben, indem sie den neuesten Erreger ihrer tödlichen Seuche einsetzen.",0,0,0,0,0,0,0,0,0,0,0,0,16712190
1068,78,1101,690,0,0,0,0,0,0,0,4294925296,0,0,16,6,0,0,1037,0.5,0.5,7,7,0,0,0,"Forscherliga",0,0,0,0,0,0,0,0,0,0,0,0,16712190,0,0,0,"Diese Organisation strebt danach, durch das Sammeln von Titanenartefakten den Ursprung der Zwerge zu ergründen. Ihre aktuellsten Forschungen haben sie dazu veranlasst, verschiedene archäologische Stätten in Nordend aufzusuchen.",0,0,0,0,0,0,0,0,0,0,0,0,16712190
1069,4294967295,0,0,0,0,0,0,0,0,0,0,0,0,0,0,0,0,0,1,1,5,5,0,0,0,"Widderrennen, Powerup",0,0,0,0,0,0,0,0,0,0,0,0,16712190,0,0,0,"",0,0,0,0,0,0,0,0,0,0,0,0,16712156
1070,4294967295,0,0,0,0,0,0,0,0,0,0,0,0,0,0,0,0,0,1,1,5,5,0,0,0,"Widderrennen, Falle",0,0,0,0,0,0,0,0,0,0,0,0,16712190,0,0,0,"",0,0,0,0,0,0,0,0,0,0,0,0,16712156
1071,4294967295,0,0,0,0,0,0,0,0,0,0,0,0,0,0,0,0,0,1,1,5,5,0,0,0,"Craigs Eichhörnchen",0,0,0,0,0,0,0,0,0,0,0,0,16712190,0,0,0,"Eine Testfraktion",0,0,0,0,0,0,0,0,0,0,0,0,16712190
1072,4294967295,0,0,0,0,0,0,0,0,0,0,0,0,0,0,0,0,0,1,1,5,5,0,0,0,"REUSE",0,0,0,0,0,0,0,0,0,0,0,0,16712190,0,0,0,"",0,0,0,0,0,0,0,0,0,0,0,0,16712156
1073,79,1791,0,0,0,0,0,0,0,0,0,0,0,16,0,0,0,1097,0,0,5,5,0,0,0,"Die Kalu'ak",0,0,0,0,0,0,0,0,0,0,0,0,16712190,0,0,0,"Die Tuskarr sind ein zähes, jedoch friedliches Volk, das seinen Lebensunterhalt mit Fischerei und Walfang bestreitet. Ihre Siedlungen sind kürzlich Opfer heftiger Angriffe geworden und sie heißen alle Verbündeten willkommen, die ihnen zu Hilfe kommen.",0,0,0,0,0,0,0,0,0,0,0,0,16712190
1074,4294967295,0,0,0,0,0,0,0,0,0,0,0,0,0,0,0,0,0,1,1,5,5,0,0,0,"Festtag - Wasserfass",0,0,0,0,0,0,0,0,0,0,0,0,16712190,0,0,0,"",0,0,0,0,0,0,0,0,0,0,0,0,16712156
1075,4294967295,0,0,0,0,0,0,0,0,0,0,0,0,0,0,0,0,0,1,1,5,5,0,0,0,"Festtag - Allgemein",0,0,0,0,0,0,0,0,0,0,0,0,16712190,0,0,0,"",0,0,0,0,0,0,0,0,0,0,0,0,16712156
1076,4294967295,0,0,0,0,0,0,0,0,0,0,0,0,0,0,0,0,0,1,1,5,5,0,0,0,"Eisenzwerge",0,0,0,0,0,0,0,0,0,0,0,0,16712190,0,0,0,"",0,0,0,0,0,0,0,0,0,0,0,0,16712156
1077,80,32767,0,0,0,0,0,0,0,0,0,0,0,16,0,0,0,936,0,0,5,5,0,0,0,"Offensive der Zerschmetterten Sonne",0,0,0,0,0,0,0,0,0,0,0,0,16712190,0,0,0,"Shattraths letzte Offensive gegen Prinz Kael'thas' Unternehmen beim Sonnenbrunnen.",0,0,0,0,0,0,0,0,0,0,0,0,16712190
1078,4294967295,0,0,0,0,0,0,0,0,0,0,0,0,0,0,0,0,0,1,1,5,5,0,0,0,"Kampfbegleiter",0,0,0,0,0,0,0,0,0,0,0,0,16712190,0,0,0,"",0,0,0,0,0,0,0,0,0,0,0,0,16712156
1079,4294967295,0,0,0,0,0,0,0,0,0,0,0,0,0,0,0,0,0,1,1,5,5,0,0,0,"Murloc, Winterflossen",0,0,0,0,0,0,0,0,0,0,0,0,16712190,0,0,0,"",0,0,0,0,0,0,0,0,0,0,0,0,16712156
1080,4294967295,0,0,0,0,0,0,0,0,0,0,0,0,0,0,0,0,0,1,1,5,5,0,0,0,"Friendly, Force Reaction",0,0,0,0,0,0,0,0,0,0,0,0,16712190,0,0,0,"",0,0,0,0,0,0,0,0,0,0,0,0,16712156
1081,4294967295,0,0,0,0,0,0,0,0,0,0,0,0,0,0,0,0,0,1,1,5,5,0,0,0,"Object, Force Reaction",0,0,0,0,0,0,0,0,0,0,0,0,16712190,0,0,0,"",0,0,0,0,0,0,0,0,0,0,0,0,16712156
1082,82,1101,690,0,0,0,0,0,0,0,4294925296,0,0,4,2,0,0,0,1,1,5,5,0,0,0,"REUSE",0,0,0,0,0,0,0,0,0,0,0,0,16712190,0,0,0,"",0,0,0,0,0,0,0,0,0,0,0,0,16712156
1083,4294967295,0,0,0,0,0,0,0,0,0,0,0,0,0,0,0,0,0,1,1,5,5,0,0,0,"REUSE",0,0,0,0,0,0,0,0,0,0,0,0,16712190,0,0,0,"",0,0,0,0,0,0,0,0,0,0,0,0,16712156
1084,4294967295,0,0,0,0,0,0,0,0,0,0,0,0,0,0,0,0,0,1,1,5,5,0,0,0,"Vrykul, Meer",0,0,0,0,0,0,0,0,0,0,0,0,16712190,0,0,0,"",0,0,0,0,0,0,0,0,0,0,0,0,16712156
1085,81,1101,690,0,0,0,0,0,0,4294925296,0,0,0,6,16,0,0,1052,0.5,0.5,7,7,0,0,0,"Kriegshymnenoffensive",0,0,0,0,0,0,0,0,0,0,0,0,16712190,0,0,0,"Garrosh Höllschrei ist Befehlshaber der primären Expeditionskorps der Horde auf ihrem Weg ins Innere Nordends, wo sie sich Arthas und den Armeen der Geißel stellen wollen.",0,0,0,0,0,0,0,0,0,0,0,0,16712190
1086,4294967295,0,0,0,0,0,0,0,0,0,0,0,0,0,0,0,0,0,1,1,5,5,0,0,0,"Wilderer",0,0,0,0,0,0,0,0,0,0,0,0,16712190,0,0,0,"",0,0,0,0,0,0,0,0,0,0,0,0,16712156
1087,4294967295,0,0,0,0,0,0,0,0,0,0,0,0,0,0,0,0,0,1,1,5,5,0,0,0,"Feiertagsmonster",0,0,0,0,0,0,0,0,0,0,0,0,16712190,0,0,0,"",0,0,0,0,0,0,0,0,0,0,0,0,16712156
1088,4294967295,0,0,0,0,0,0,0,0,0,0,0,0,0,0,0,0,0,1,1,5,5,0,0,0,"Furbolg, Rotfänge",0,0,0,0,0,0,0,0,0,0,0,0,16712190,0,0,0,"",0,0,0,0,0,0,0,0,0,0,0,0,16712156
1089,4294967295,0,0,0,0,0,0,0,0,0,0,0,0,0,0,0,0,0,1,1,5,5,0,0,0,"Furbolg, Frostpfoten",0,0,0,0,0,0,0,0,0,0,0,0,16712190,0,0,0,"",0,0,0,0,0,0,0,0,0,0,0,0,16712156
1090,84,1229,690,1101,690,1407,1407,128,128,0,0,3000,3000,16,16,16,16,1097,0,0,5,5,0,0,0,"Kirin Tor",0,0,0,0,0,0,0,0,0,0,0,0,16712190,0,0,0,"Die Magier und Erzmagier, welche über Dalaran herrschen. Angesichts der wachsenden Bedrohung durch den blauen Drachenschwarm und die Geißel haben sie ihre Stadt ins Herz Nordends versetzt.",0,0,0,0,0,0,0,0,0,0,0,0,16712190
1091,83,1791,0,0,0,0,0,0,0,0,0,0,0,16,0,0,0,1097,0,0,5,5,0,0,0,"Der Wyrmruhpakt",0,0,0,0,0,0,0,0,0,0,0,0,16712190,0,0,0,"Angesichts der Aggression des blauen Drachenschwarms gegenüber allen sterblichen Magienutzern, haben sich die übrigen Schwärme unter der Führung des roten Drachenschwarms zum Kampf gegen die unberechenbaren Artgenossen zusammengeschlossen.",0,0,0,0,0,0,0,0,0,0,0,0,16712190
1092,4294967295,0,0,0,0,0,0,0,0,0,0,0,0,0,0,0,0,0,1,1,5,5,0,0,0,"Azjol-Nerub",0,0,0,0,0,0,0,0,0,0,0,0,16712190,0,0,0,"",0,0,0,0,0,0,0,0,0,0,0,0,16712156
1093,4294967295,0,0,0,0,0,0,0,0,0,0,0,0,0,0,0,0,0,1,1,5,5,0,0,0,"REUSE",0,0,0,0,0,0,0,0,0,0,0,0,16712190,0,0,0,"",0,0,0,0,0,0,0,0,0,0,0,0,16712156
1094,90,1101,690,0,0,0,0,0,0,0,4294925296,0,0,16,6,0,0,1037,0.5,0.5,7,7,0,0,0,"Der Silberbund",0,0,0,0,0,0,0,0,0,0,0,0,16712190,0,0,0,"Ein militanter Kern von Hochelfen, die den Eintritt der Blutelfen in die Kirin Tor ablehnen. Sie haben sich unter dem Banner von Vereesa Windläufer versammelt und sich den Streitkräften der Allianz in Nordend angeschlossen.",0,0,0,0,0,0,0,0,0,0,0,0,16712190
1095,4294967295,0,0,0,0,0,0,0,0,0,0,0,0,0,0,0,0,0,1,1,5,5,0,0,0,"Trapper der Grizzlyhügel",0,0,0,0,0,0,0,0,0,0,0,0,16712190,0,0,0,"",0,0,0,0,0,0,0,0,0,0,0,0,16712156
1096,4294967295,0,0,0,0,0,0,0,0,0,0,0,0,0,0,0,0,0,1,1,5,5,0,0,0,"REUSE",0,0,0,0,0,0,0,0,0,0,0,0,16712190,0,0,0,"",0,0,0,0,0,0,0,0,0,0,0,0,16712156
1097,89,0,0,0,0,0,0,0,0,0,0,0,0,12,0,0,0,0,0,0,5,5,0,0,0,"Wrath of the Lich King",0,0,0,0,0,0,0,0,0,0,0,0,16712190,0,0,0,"",0,0,0,0,0,0,0,0,0,0,0,0,16712156
1098,91,0,0,0,0,32,1503,0,0,3200,0,0,0,16,16,0,0,1097,1,1,5,5,0,0,0,"Ritter der Schwarzen Klinge",0,0,0,0,0,0,0,0,0,0,0,0,16712190,0,0,0,"Frei von der Knechtschaft durch den Lichkönig, haben sich seine einstigen Todesritter unter dem Banner von Hochlord Darion Mograine gegen ihn gesammelt.",0,0,0,0,0,0,0,0,0,0,0,0,16712190
1099,4294967295,0,0,0,0,0,0,0,0,0,0,0,0,0,0,0,0,0,1,1,5,5,0,0,0,"Geißel an der Pforte des Zorns",0,0,0,0,0,0,0,0,0,0,0,0,16712190,0,0,0,"",0,0,0,0,0,0,0,0,0,0,0,0,16712156
1100,4294967295,0,0,0,0,0,0,0,0,0,0,0,0,0,0,0,0,0,1,1,5,5,0,0,0,"Allianz an der Pforte des Zorns",0,0,0,0,0,0,0,0,0,0,0,0,16712190,0,0,0,"",0,0,0,0,0,0,0,0,0,0,0,0,16712156
1101,4294967295,0,0,0,0,0,0,0,0,0,0,0,0,0,0,0,0,0,1,1,5,5,0,0,0,"Horde an der Pforte des Zorns",0,0,0,0,0,0,0,0,0,0,0,0,16712190,0,0,0,"",0,0,0,0,0,0,0,0,0,0,0,0,16712156
1102,4294967295,0,0,0,0,0,0,0,0,0,0,0,0,0,0,0,0,0,1,1,5,5,0,0,0,"CTF - Flagge - Horde",0,0,0,0,0,0,0,0,0,0,0,0,16712190,0,0,0,"",0,0,0,0,0,0,0,0,0,0,0,0,16712156
1103,4294967295,0,0,0,0,0,0,0,0,0,0,0,0,0,0,0,0,0,1,1,5,5,0,0,0,"CTF - Flagge - Neutral",0,0,0,0,0,0,0,0,0,0,0,0,16712190,0,0,0,"",0,0,0,0,0,0,0,0,0,0,0,0,16712156
1104,92,1791,0,0,0,0,0,0,0,0,0,0,0,16,0,0,0,1117,-2.2,1,7,7,0,0,0,"Stamm der Wildherzen",0,0,0,0,0,0,0,0,0,0,0,0,16712190,0,0,0,"Von der Geißel aus ihrer Heimat vertrieben, stolperten diese Wolvar ins Sholazarbecken, wo sie ihr neues Zuhause errichten wollen. Ihre aggressive Art hat zu Spannungen mit den dortigen Gorlocstämmen geführt, die man auch die Orakel nennt.",0,0,0,0,0,0,0,0,0,0,0,0,16712190
1105,93,1791,0,0,0,0,0,0,0,0,0,0,0,16,0,0,0,1117,-2.2,1,7,7,0,0,0,"Die Orakel",0,0,0,0,0,0,0,0,0,0,0,0,16712190,0,0,0,"Die Gorlocs des Scholazarbeckens sind ein Volk reptilischer Kreaturen, die sich selbst als Wächter der Titanentechnologie dieser Region sehen (auch wenn sie nur wenig davon verstehen). Sie kämpfen einen eskalierenden Territorialkrieg mit den Wolvar.",0,0,0,0,0,0,0,0,0,0,0,0,16712190
1106,94,32767,0,0,0,0,0,0,0,0,0,0,0,16,0,0,0,1097,0,0,5,5,0,0,0,"Argentumkreuzzug",0,0,0,0,0,0,0,0,0,0,0,0,16712190,0,0,0,"Der Argentumkreuzzug ist ein Zusammenschluss der Argentumdämmerung mit dem reformierten Orden der Silbernen Hand unter der Führung Tirion Fordrings. Ziel des Kreuzzugs ist es, den letzten Schlag gegen die Streitkräfte des Lichkönigs zu führen.",0,0,0,0,0,0,0,0,0,0,0,0,16712190
1107,4294967295,0,0,0,0,0,0,0,0,0,0,0,0,0,0,0,0,0,1,1,5,5,0,0,0,"Troll, Drakkari",0,0,0,0,0,0,0,0,0,0,0,0,16712190,0,0,0,"",0,0,0,0,0,0,0,0,0,0,0,0,16712156
1108,4294967295,0,0,0,0,0,0,0,0,0,0,0,0,0,0,0,0,0,1,1,5,5,0,0,0,"HdZ Arthas",0,0,0,0,0,0,0,0,0,0,0,0,16712190,0,0,0,"",0,0,0,0,0,0,0,0,0,0,0,0,16712156
1109,4294967295,0,0,0,0,0,0,0,0,0,0,0,0,0,0,0,0,0,1,1,5,5,0,0,0,"HdZ Bürger von Stratholme",0,0,0,0,0,0,0,0,0,0,0,0,16712190,0,0,0,"",0,0,0,0,0,0,0,0,0,0,0,0,16712156
1110,4294967295,0,0,0,0,0,0,0,0,0,0,0,0,0,0,0,0,0,1,1,5,5,0,0,0,"HdZ Geißel",0,0,0,0,0,0,0,0,0,0,0,0,16712190,0,0,0,"",0,0,0,0,0,0,0,0,0,0,0,0,16712156
1111,4294967295,0,0,0,0,0,0,0,0,0,0,0,0,0,0,0,0,0,1,1,5,5,0,0,0,"Freya",0,0,0,0,0,0,0,0,0,0,0,0,16712190,0,0,0,"",0,0,0,0,0,0,0,0,0,0,0,0,16712156
1112,4294967295,0,0,0,0,0,0,0,0,0,0,0,0,0,0,0,0,0,1,1,5,5,0,0,0,"Reittier - Taxi - Allianz",0,0,0,0,0,0,0,0,0,0,0,0,16712190,0,0,0,"",0,0,0,0,0,0,0,0,0,0,0,0,16712156
1113,4294967295,0,0,0,0,0,0,0,0,0,0,0,0,0,0,0,0,0,1,1,5,5,0,0,0,"Reittier - Taxi - Horde",0,0,0,0,0,0,0,0,0,0,0,0,16712190,0,0,0,"",0,0,0,0,0,0,0,0,0,0,0,0,16712156
1114,4294967295,0,0,0,0,0,0,0,0,0,0,0,0,0,0,0,0,0,1,1,5,5,0,0,0,"Reittier - Taxi - Neutral",0,0,0,0,0,0,0,0,0,0,0,0,16712190,0,0,0,"",0,0,0,0,0,0,0,0,0,0,0,0,16712156
1115,4294967295,0,0,0,0,0,0,0,0,0,0,0,0,0,0,0,0,0,1,1,5,5,0,0,0,"Elementar, Wasser",0,0,0,0,0,0,0,0,0,0,0,0,16712190,0,0,0,"",0,0,0,0,0,0,0,0,0,0,0,0,16712156
1116,4294967295,0,0,0,0,0,0,0,0,0,0,0,0,0,0,0,0,0,1,1,5,5,0,0,0,"Elementar, Luft",0,0,0,0,0,0,0,0,0,0,0,0,16712190,0,0,0,"",0,0,0,0,0,0,0,0,0,0,0,0,16712156
1117,95,1791,0,0,0,0,0,0,0,0,0,0,0,12,0,0,0,1097,0,0,5,5,0,0,0,"Sholazarbecken",0,0,0,0,0,0,0,0,0,0,0,0,16712190,0,0,0,"",0,0,0,0,0,0,0,0,0,0,0,0,16712156
1118,96,1791,0,0,0,0,0,0,0,0,0,0,0,12,0,0,0,0,0,0,5,5,0,0,0,"Classic",0,0,0,0,0,0,0,0,0,0,0,0,16712190,0,0,0,"",0,0,0,0,0,0,0,0,0,0,0,0,16712156
1119,97,1791,0,0,0,0,0,0,0,4294925296,0,0,0,0,0,0,0,1097,0,0,5,5,0,0,0,"Die Söhne Hodirs",0,0,0,0,0,0,0,0,0,0,0,0,16712190,0,0,0,"Die Frostriesen der Sturmgipfel sind ein kriegsversessenes Volk, das Dun Niffelem seine Heimat nennt.",0,0,0,0,0,0,0,0,0,0,0,0,16712190
1120,4294967295,0,0,0,0,0,0,0,0,0,0,0,0,0,0,0,0,0,1,1,5,5,0,0,0,"Eisenriesen",0,0,0,0,0,0,0,0,0,0,0,0,16712190,0,0,0,"",0,0,0,0,0,0,0,0,0,0,0,0,16712156
1121,4294967295,0,0,0,0,0,0,0,0,0,0,0,0,0,0,0,0,0,1,1,5,5,0,0,0,"Frostvrykul",0,0,0,0,0,0,0,0,0,0,0,0,16712190,0,0,0,"",0,0,0,0,0,0,0,0,0,0,0,0,16712156
1122,4294967295,0,0,0,0,0,0,0,0,0,0,0,0,0,0,0,0,0,1,1,5,5,0,0,0,"Die Irdenen",0,0,0,0,0,0,0,0,0,0,0,0,16712190,0,0,0,"",0,0,0,0,0,0,0,0,0,0,0,0,16712156
1123,4294967295,0,0,0,0,0,0,0,0,0,0,0,0,0,0,0,0,0,1,1,5,5,0,0,0,"Monsterkundiger",0,0,0,0,0,0,0,0,0,0,0,0,16712190,0,0,0,"",0,0,0,0,0,0,0,0,0,0,0,0,16712156
1124,98,690,1101,0,0,0,0,0,0,0,4294925296,0,0,16,6,0,0,1052,0.5,0.5,7,7,0,0,0,"Die Sonnenhäscher",0,0,0,0,0,0,0,0,0,0,0,0,16712190,0,0,0,"Durch die Anstrengungen des Erzmagiers Aethas Sonnenhäscher wird die Horde nun in Dalaran geduldet, obwohl die Stadt ihr früher verschlossen blieb. Seine Anhänger wachen über das Stadtviertel, das als Sonnenhäschers Zuflucht bekannt ist.",0,0,0,0,0,0,0,0,0,0,0,0,16712190
1125,4294967295,0,0,0,0,0,0,0,0,0,0,0,0,0,0,0,0,0,1,1,5,5,0,0,0,"Hildarthing",0,0,0,0,0,0,0,0,0,0,0,0,16712190,0,0,0,"",0,0,0,0,0,0,0,0,0,0,0,0,16712156
1126,99,1101,690,0,0,0,0,0,0,0,4294925296,0,0,16,0,0,0,1037,0.5,0.5,7,7,0,0,0,"Die Frosterben",0,0,0,0,0,0,0,0,0,0,0,0,16712190,0,0,0,"Dieses geheimnisvolle Eiszwergenvolk hat die Sturmgipfel zu seinem Heim ernannt. Vor Kurzem haben sich diese Zwerge mit der Forscherliga angefreundet und heißen Mitglieder der Allianz in ihren Siedlungen willkommen.",0,0,0,0,0,0,0,0,0,0,0,0,16712190
1127,4294967295,0,0,0,0,0,0,0,0,0,0,0,0,0,0,0,0,0,1,1,5,5,0,0,0,"Orgrimmar (Alex Test)",0,0,0,0,0,0,0,0,0,0,0,0,16712190,0,0,0,"",0,0,0,0,0,0,0,0,0,0,0,0,16712156
1136,100,2097151,0,0,0,0,0,0,0,0,0,0,0,4,0,0,0,0,0,0,0,0,0,0,0,"Tristessakonversion",0,0,0,0,0,0,0,0,0,0,0,0,16712190,0,0,0,"",0,0,0,0,0,0,0,0,0,0,0,0,16712156
1137,101,32767,0,0,0,1535,0,0,0,0,0,0,0,4,0,0,0,0,0,0,0,0,0,0,0,"Wintersäblerkonversion",0,0,0,0,0,0,0,0,0,0,0,0,16712190,0,0,0,"",0,0,0,0,0,0,0,0,0,0,0,0,16712156
1145,4294967295,0,0,0,0,0,0,0,0,0,0,0,0,0,0,0,0,0,0,0,0,0,0,0,0,"Hasst alles",0,0,0,0,0,0,0,0,0,0,0,0,16712190,0,0,0,"",0,0,0,0,0,0,0,0,0,0,0,0,16712156
1154,102,2097151,0,0,0,0,0,0,0,0,0,0,0,4,0,0,0,0,0,0,0,0,0,0,0,"Umwandlung zum Silberbund",0,0,0,0,0,0,0,0,0,0,0,0,16712190,0,0,0,"",0,0,0,0,0,0,0,0,0,0,0,0,16712156
1155,103,2097151,0,0,0,0,0,0,0,0,0,0,0,4,0,0,0,0,0,0,0,0,0,0,0,"Umwandlung zu den Sonnenhäschern",0,0,0,0,0,0,0,0,0,0,0,0,16712190,0,0,0,"",0,0,0,0,0,0,0,0,0,0,0,0,16712156
1156,104,2097151,0,0,0,0,0,0,0,0,0,0,0,16,0,0,0,1097,0,0,0,0,0,0,0,"Das Äscherne Verdikt",0,0,0,0,0,0,0,0,0,0,0,0,16712190,0,0,0,"Durch einen Pakt von Tirion Fordring und Darion Mograine, haben der Argentumkreuzzug und die Ritter der Schwarzen Klinge während des Angriffs auf die Eiskronenzitadelle ihre Meinungsverschiedenheit solange zurückgestellt, bis der Lichkönig vernichtet ist.",0,0,0,0,0,0,0,0,0,0,0,0,16712190
1159,4294967295,0,0,0,0,0,0,0,0,0,0,0,0,0,0,0,0,0,1,1,5,5,0,0,0,"CTF - Flagge - Allianz 2",0,0,0,0,0,0,0,0,0,0,0,0,16712190,0,0,0,"",0,0,0,0,0,0,0,0,0,0,0,0,16712156
1160,4294967295,0,0,0,0,0,0,0,0,0,0,0,0,0,0,0,0,0,1,1,5,5,0,0,0,"CTF - Flagge - Horde 2",0,0,0,0,0,0,0,0,0,0,0,0,16712190,0,0,0,"",0,0,0,0,0,0,0,0,0,0,0,0,16712156
